CCS PCM C Compiler, Version 5.015, 5967               16-Jun-25 17:03

               Filename:   C:\Users\Ahmed Olalekan\Desktop\practice\Opstep\_RTCC\_rtcc.lst

               ROM used:   2293 words (28%)
                           Largest free fragment is 2048
               RAM used:   32 (9%) at main() level
                           75 (20%) worst case
               Stack used: 7 locations (6 in main + 1 for interrupts)
               Stack size: 8

*
0000:  MOVLW  08
0001:  MOVWF  0A
0002:  GOTO   089
0003:  NOP
0004:  MOVWF  7F
0005:  SWAPF  03,W
0006:  CLRF   03
0007:  MOVWF  21
0008:  MOVF   0A,W
0009:  MOVWF  20
000A:  CLRF   0A
000B:  MOVF   04,W
000C:  MOVWF  22
000D:  MOVF   77,W
000E:  MOVWF  23
000F:  MOVF   78,W
0010:  MOVWF  24
0011:  MOVF   79,W
0012:  MOVWF  25
0013:  MOVF   7A,W
0014:  MOVWF  26
0015:  BCF    03.7
0016:  BCF    03.5
0017:  BTFSS  0B.4
0018:  GOTO   01B
0019:  BTFSC  0B.1
001A:  GOTO   02C
001B:  MOVF   22,W
001C:  MOVWF  04
001D:  MOVF   23,W
001E:  MOVWF  77
001F:  MOVF   24,W
0020:  MOVWF  78
0021:  MOVF   25,W
0022:  MOVWF  79
0023:  MOVF   26,W
0024:  MOVWF  7A
0025:  MOVF   20,W
0026:  MOVWF  0A
0027:  SWAPF  21,W
0028:  MOVWF  03
0029:  SWAPF  7F,F
002A:  SWAPF  7F,W
002B:  RETFIE
002C:  BCF    0A.3
002D:  BCF    0A.4
002E:  GOTO   044
.................... #include <_rtcc.h> 
.................... #ifndef _RTCC_H 
.................... #define _RTCC_H 
....................  
....................  
.................... #include <16F876A.h> 
.................... //////////// Standard Header file for the PIC16F876A device //////////////// 
.................... /////////////////////////////////////////////////////////////////////////// 
.................... ////        (C) Copyright 1996, 2013 Custom Computer Services          //// 
.................... //// This source code may only be used by licensed users of the CCS C  //// 
.................... //// compiler.  This source code may only be distributed to other      //// 
.................... //// licensed users of the CCS C compiler.  No other use, reproduction //// 
.................... //// or distribution is permitted without written permission.          //// 
.................... //// Derivative programs created using this software in object code    //// 
.................... //// form are not restricted in any way.                               //// 
.................... /////////////////////////////////////////////////////////////////////////// 
.................... #device PIC16F876A 
002F:  BCF    0A.0
0030:  BCF    0A.1
0031:  BCF    0A.2
0032:  ADDWF  02,F
0033:  RETLW  20
0034:  RETLW  20
0035:  RETLW  00
0036:  BCF    0A.0
0037:  BCF    0A.1
0038:  BCF    0A.2
0039:  ADDWF  02,F
003A:  RETLW  50
003B:  RETLW  4D
003C:  RETLW  00
003D:  BCF    0A.0
003E:  BCF    0A.1
003F:  BCF    0A.2
0040:  ADDWF  02,F
0041:  RETLW  41
0042:  RETLW  4D
0043:  RETLW  00
*
025C:  CLRF   77
025D:  CLRF   78
025E:  MOVF   45,W
025F:  BCF    03.0
0260:  BTFSC  46.0
0261:  ADDWF  77,F
0262:  RRF    77,F
0263:  RRF    78,F
0264:  BTFSC  46.1
0265:  ADDWF  77,F
0266:  RRF    77,F
0267:  RRF    78,F
0268:  BTFSC  46.2
0269:  ADDWF  77,F
026A:  RRF    77,F
026B:  RRF    78,F
026C:  BTFSC  46.3
026D:  ADDWF  77,F
026E:  RRF    77,F
026F:  RRF    78,F
0270:  BTFSC  46.4
0271:  ADDWF  77,F
0272:  RRF    77,F
0273:  RRF    78,F
0274:  BTFSC  46.5
0275:  ADDWF  77,F
0276:  RRF    77,F
0277:  RRF    78,F
0278:  BTFSC  46.6
0279:  ADDWF  77,F
027A:  RRF    77,F
027B:  RRF    78,F
027C:  BTFSC  46.7
027D:  ADDWF  77,F
027E:  RRF    77,F
027F:  RRF    78,F
*
038F:  MOVF   41,W
0390:  CLRF   78
0391:  SUBWF  40,W
0392:  BTFSC  03.0
0393:  GOTO   397
0394:  MOVF   40,W
0395:  MOVWF  77
0396:  GOTO   3A3
0397:  CLRF   77
0398:  MOVLW  08
0399:  MOVWF  42
039A:  RLF    40,F
039B:  RLF    77,F
039C:  MOVF   41,W
039D:  SUBWF  77,W
039E:  BTFSC  03.0
039F:  MOVWF  77
03A0:  RLF    78,F
03A1:  DECFSZ 42,F
03A2:  GOTO   39A
03A3:  RETURN
03A4:  MOVLW  20
03A5:  BTFSS  3B.4
03A6:  MOVLW  30
03A7:  MOVWF  3C
03A8:  MOVF   3A,W
03A9:  MOVWF  77
03AA:  BTFSS  3A.7
03AB:  GOTO   3B4
03AC:  COMF   77,F
03AD:  INCF   77,F
03AE:  MOVF   77,W
03AF:  MOVWF  3A
03B0:  MOVLW  2D
03B1:  MOVWF  3C
03B2:  BSF    3B.7
03B3:  BSF    3B.0
03B4:  MOVF   3A,W
03B5:  MOVWF  40
03B6:  MOVLW  64
03B7:  MOVWF  41
03B8:  CALL   38F
03B9:  MOVF   77,W
03BA:  MOVWF  3A
03BB:  MOVLW  30
03BC:  ADDWF  78,W
03BD:  MOVWF  3D
03BE:  MOVF   3A,W
03BF:  MOVWF  40
03C0:  MOVLW  0A
03C1:  MOVWF  41
03C2:  CALL   38F
03C3:  MOVLW  30
03C4:  ADDWF  77,W
03C5:  MOVWF  3F
03C6:  MOVLW  30
03C7:  ADDWF  78,W
03C8:  MOVWF  3E
03C9:  MOVF   3C,W
03CA:  MOVWF  77
03CB:  MOVLW  30
03CC:  SUBWF  3D,W
03CD:  BTFSC  03.2
03CE:  GOTO   3D3
03CF:  BSF    3B.1
03D0:  BTFSC  3B.7
03D1:  BSF    3B.2
03D2:  GOTO   3E7
03D3:  BTFSC  3B.2
03D4:  GOTO   3E7
03D5:  MOVF   3C,W
03D6:  MOVWF  3D
03D7:  BTFSC  3B.1
03D8:  GOTO   3DE
03D9:  MOVLW  30
03DA:  SUBWF  3E,W
03DB:  BTFSC  03.2
03DC:  GOTO   3E1
03DD:  BSF    3B.0
03DE:  BTFSC  3B.7
03DF:  BSF    3B.1
03E0:  GOTO   3E7
03E1:  BTFSS  03.2
03E2:  BSF    3B.0
03E3:  BTFSS  03.2
03E4:  GOTO   3E7
03E5:  MOVF   3D,W
03E6:  MOVWF  3E
03E7:  BTFSC  3B.2
03E8:  GOTO   3EE
03E9:  BTFSC  3B.1
03EA:  GOTO   3F1
03EB:  BTFSC  3B.0
03EC:  GOTO   3F4
03ED:  GOTO   3F7
03EE:  MOVF   3C,W
03EF:  MOVWF  40
03F0:  CALL   0F6
03F1:  MOVF   3D,W
03F2:  MOVWF  40
03F3:  CALL   0F6
03F4:  MOVF   3E,W
03F5:  MOVWF  40
03F6:  CALL   0F6
03F7:  MOVF   3F,W
03F8:  MOVWF  40
03F9:  CALL   0F6
03FA:  RETURN
03FB:  MOVF   00,F
03FC:  BTFSC  03.2
03FD:  GOTO   410
03FE:  CLRF   3B
03FF:  MOVF   04,W
0400:  MOVWF  3A
0401:  BCF    3B.0
0402:  BTFSC  03.7
0403:  BSF    3B.0
0404:  MOVF   00,W
0405:  MOVWF  40
0406:  CALL   0F6
0407:  MOVF   3A,W
0408:  MOVWF  04
0409:  BCF    03.7
040A:  BTFSC  3B.0
040B:  BSF    03.7
040C:  INCF   04,F
040D:  BTFSC  03.2
040E:  INCF   05,F
040F:  GOTO   3FB
0410:  RETURN
0411:  MOVLW  20
0412:  BTFSS  3B.4
0413:  MOVLW  30
0414:  MOVWF  3C
0415:  MOVF   3A,W
0416:  MOVWF  77
0417:  BTFSS  3A.7
0418:  GOTO   421
0419:  COMF   77,F
041A:  INCF   77,F
041B:  MOVF   77,W
041C:  MOVWF  3A
041D:  MOVLW  2D
041E:  MOVWF  3C
041F:  BSF    3B.7
0420:  BSF    3B.0
0421:  MOVF   3A,W
0422:  MOVWF  40
0423:  MOVLW  64
0424:  MOVWF  41
0425:  CALL   38F
0426:  MOVF   77,W
0427:  MOVWF  3A
0428:  MOVLW  30
0429:  ADDWF  78,W
042A:  MOVWF  3D
042B:  MOVF   3A,W
042C:  MOVWF  40
042D:  MOVLW  0A
042E:  MOVWF  41
042F:  CALL   38F
0430:  MOVLW  30
0431:  ADDWF  77,W
0432:  MOVWF  3F
0433:  MOVLW  30
0434:  ADDWF  78,W
0435:  MOVWF  3E
0436:  MOVF   3C,W
0437:  MOVWF  77
0438:  MOVLW  30
0439:  SUBWF  3D,W
043A:  BTFSC  03.2
043B:  GOTO   440
043C:  BSF    3B.1
043D:  BTFSC  3B.7
043E:  BSF    3B.2
043F:  GOTO   454
0440:  MOVF   3C,W
0441:  MOVWF  3D
0442:  MOVLW  20
0443:  MOVWF  3C
0444:  MOVLW  30
0445:  SUBWF  3E,W
0446:  BTFSC  03.2
0447:  GOTO   44C
0448:  BSF    3B.0
0449:  BTFSC  3B.7
044A:  BSF    3B.1
044B:  GOTO   454
044C:  BTFSS  03.2
044D:  BSF    3B.0
044E:  BTFSS  03.2
044F:  GOTO   454
0450:  MOVF   3D,W
0451:  MOVWF  3E
0452:  MOVLW  20
0453:  MOVWF  3D
0454:  BTFSC  3B.2
0455:  GOTO   45B
0456:  BTFSC  3B.1
0457:  GOTO   45E
0458:  BTFSC  3B.0
0459:  GOTO   461
045A:  GOTO   464
045B:  MOVF   3C,W
045C:  MOVWF  40
045D:  CALL   0F6
045E:  MOVF   3D,W
045F:  MOVWF  40
0460:  CALL   0F6
0461:  MOVF   3E,W
0462:  MOVWF  40
0463:  CALL   0F6
0464:  MOVF   3F,W
0465:  MOVWF  40
0466:  CALL   0F6
0467:  RETURN
*
0943:  BSF    0A.0
0944:  BCF    0A.1
0945:  BCF    0A.2
0946:  ADDWF  02,F
0947:  GOTO   113
0948:  GOTO   123
0949:  GOTO   127
094A:  GOTO   12B
094B:  GOTO   12F
094C:  GOTO   133
094D:  GOTO   137
094E:  GOTO   13B
094F:  GOTO   13F
....................  
.................... #list 
....................  
....................  
.................... #use i2c(master, sda=pin_c4, scl=pin_c3, FAST) 
*
0179:  MOVLW  08
017A:  MOVWF  78
017B:  NOP
017C:  BCF    07.3
017D:  BCF    27.3
017E:  MOVF   27,W
017F:  BSF    03.5
0180:  MOVWF  07
0181:  NOP
0182:  BCF    03.5
0183:  RLF    44,F
0184:  BCF    07.4
0185:  BTFSS  03.0
0186:  GOTO   18D
0187:  BSF    27.4
0188:  MOVF   27,W
0189:  BSF    03.5
018A:  MOVWF  07
018B:  GOTO   191
018C:  BCF    03.5
018D:  BCF    27.4
018E:  MOVF   27,W
018F:  BSF    03.5
0190:  MOVWF  07
0191:  NOP
0192:  BCF    03.5
0193:  BSF    27.3
0194:  MOVF   27,W
0195:  BSF    03.5
0196:  MOVWF  07
0197:  BCF    03.5
0198:  BTFSS  07.3
0199:  GOTO   198
019A:  DECFSZ 78,F
019B:  GOTO   17B
019C:  NOP
019D:  BCF    07.3
019E:  BCF    27.3
019F:  MOVF   27,W
01A0:  BSF    03.5
01A1:  MOVWF  07
01A2:  NOP
01A3:  BCF    03.5
01A4:  BSF    27.4
01A5:  MOVF   27,W
01A6:  BSF    03.5
01A7:  MOVWF  07
01A8:  NOP
01A9:  NOP
01AA:  BCF    03.5
01AB:  BSF    27.3
01AC:  MOVF   27,W
01AD:  BSF    03.5
01AE:  MOVWF  07
01AF:  BCF    03.5
01B0:  BTFSS  07.3
01B1:  GOTO   1B0
01B2:  CLRF   78
01B3:  NOP
01B4:  BTFSC  07.4
01B5:  BSF    78.0
01B6:  BCF    07.3
01B7:  BCF    27.3
01B8:  MOVF   27,W
01B9:  BSF    03.5
01BA:  MOVWF  07
01BB:  BCF    03.5
01BC:  BCF    07.4
01BD:  BCF    27.4
01BE:  MOVF   27,W
01BF:  BSF    03.5
01C0:  MOVWF  07
01C1:  BCF    03.5
01C2:  RETURN
*
01F1:  MOVLW  08
01F2:  MOVWF  45
01F3:  MOVF   77,W
01F4:  MOVWF  46
01F5:  BSF    27.4
01F6:  MOVF   27,W
01F7:  BSF    03.5
01F8:  MOVWF  07
01F9:  NOP
01FA:  BCF    03.5
01FB:  BSF    27.3
01FC:  MOVF   27,W
01FD:  BSF    03.5
01FE:  MOVWF  07
01FF:  BCF    03.5
0200:  BTFSS  07.3
0201:  GOTO   200
0202:  BTFSC  07.4
0203:  BSF    03.0
0204:  BTFSS  07.4
0205:  BCF    03.0
0206:  RLF    78,F
0207:  NOP
0208:  BCF    27.3
0209:  MOVF   27,W
020A:  BSF    03.5
020B:  MOVWF  07
020C:  BCF    03.5
020D:  BCF    07.3
020E:  DECFSZ 45,F
020F:  GOTO   1F5
0210:  BSF    27.4
0211:  MOVF   27,W
0212:  BSF    03.5
0213:  MOVWF  07
0214:  NOP
0215:  BCF    03.5
0216:  BCF    07.4
0217:  MOVF   46,W
0218:  BTFSC  03.2
0219:  GOTO   21F
021A:  BCF    27.4
021B:  MOVF   27,W
021C:  BSF    03.5
021D:  MOVWF  07
021E:  BCF    03.5
021F:  NOP
0220:  BSF    27.3
0221:  MOVF   27,W
0222:  BSF    03.5
0223:  MOVWF  07
0224:  BCF    03.5
0225:  BTFSS  07.3
0226:  GOTO   225
0227:  NOP
0228:  BCF    07.3
0229:  BCF    27.3
022A:  MOVF   27,W
022B:  BSF    03.5
022C:  MOVWF  07
022D:  NOP
022E:  BCF    03.5
022F:  BCF    07.4
0230:  BCF    27.4
0231:  MOVF   27,W
0232:  BSF    03.5
0233:  MOVWF  07
.................... #use fast_io(a) 
.................... #use fast_io(b) 
.................... #use fast_io(c) 
.................... #FUSES XT, NOWDT, PUT, NOBROWNOUT, NOLVP, CPD, NODEBUG, PROTECT 
.................... #use delay(crystal=4000000) 
*
004E:  MOVLW  44
004F:  MOVWF  04
0050:  BCF    03.7
0051:  MOVF   00,W
0052:  BTFSC  03.2
0053:  GOTO   062
0054:  MOVLW  01
0055:  MOVWF  78
0056:  CLRF   77
0057:  DECFSZ 77,F
0058:  GOTO   057
0059:  DECFSZ 78,F
005A:  GOTO   056
005B:  MOVLW  4A
005C:  MOVWF  77
005D:  DECFSZ 77,F
005E:  GOTO   05D
005F:  GOTO   060
0060:  DECFSZ 00,F
0061:  GOTO   054
0062:  RETURN
....................  
....................  
.................... typedef struct hour { 
....................    unsigned int8 temp_hours; 
....................    unsigned int8 am_pm; 
....................    unsigned int8 hour_mode; 
....................    char ch[4]; 
.................... } hour; 
....................  
.................... hour hours; 
....................  
.................... typedef struct day { 
....................    unsigned int8 temp_days; 
....................    char *ch; 
.................... } day; 
....................  
.................... day days; 
....................  
....................  
.................... unsigned int8 temp_seconds = 0; 
.................... unsigned int8 temp_minutes = 0; 
.................... unsigned int8 var = 0, var2 = 0; 
.................... unsigned int8 temp_dates = 0; 
.................... unsigned int8 temp_months = 0; 
.................... unsigned int8 temp_years = 0; 
....................  
....................  
....................  
.................... #define MENU input(pin_a3) 
.................... #define INC input(pin_a4) 
.................... #define DEC input(pin_a5) 
....................  
.................... #define LCD_DATA_PORT getenv("SFR:PORTb") 
.................... #define LCD_ENABLE_PIN  PIN_b3                               
.................... #define LCD_RS_PIN      PIN_b1                                    
.................... #define LCD_RW_PIN      PIN_b2                                     
.................... #define LCD_DATA4       PIN_b4                                     
.................... #define LCD_DATA5       PIN_b5 
.................... #define LCD_DATA6       PIN_b6    
.................... #define LCD_DATA7       PIN_b7 
.................... #include <lcd.c> 
.................... /////////////////////////////////////////////////////////////////////////////// 
.................... ////                             LCD.C                                     //// 
.................... ////                 Driver for common LCD modules                         //// 
.................... ////                                                                       //// 
.................... ////  lcd_init()   Must be called before any other function.               //// 
.................... ////                                                                       //// 
.................... ////  lcd_putc(c)  Will display c on the next position of the LCD.         //// 
.................... ////                 \a  Set cursor position to upper left                 //// 
.................... ////                 \f  Clear display, set cursor to upper left           //// 
.................... ////                 \n  Go to start of second line                        //// 
.................... ////                 \b  Move back one position                            //// 
.................... ////              If LCD_EXTENDED_NEWLINE is defined, the \n character     //// 
.................... ////              will erase all remanining characters on the current      //// 
.................... ////              line, and move the cursor to the beginning of the next   //// 
.................... ////              line.                                                    //// 
.................... ////              If LCD_EXTENDED_NEWLINE is defined, the \r character     //// 
.................... ////              will move the cursor to the start of the current         //// 
.................... ////              line.                                                    //// 
.................... ////                                                                       //// 
.................... ////  lcd_gotoxy(x,y) Set write position on LCD (upper left is 1,1)        //// 
.................... ////                                                                       //// 
.................... ////  lcd_getc(x,y)   Returns character at position x,y on LCD             //// 
.................... ////                                                                       //// 
.................... ////  lcd_cursor_on(int1 on)   Turn the cursor on (on=TRUE) or off         //// 
.................... ////              (on=FALSE).                                              //// 
.................... ////                                                                       //// 
.................... ////  lcd_set_cgram_char(w, *p)   Write a custom character to the CGRAM.   //// 
.................... ////                                                                       //// 
.................... ////                                                                       //// 
.................... ////  CONFIGURATION                                                        //// 
.................... ////  The LCD can be configured in one of two ways: a.) port access or     //// 
.................... ////  b.) pin access.  Port access requires the entire 7 bit interface     //// 
.................... ////  connected to one GPIO port, and the data bits (D4:D7 of the LCD)     //// 
.................... ////  connected to sequential pins on the GPIO.  Pin access                //// 
.................... ////  has no requirements, all 7 bits of the control interface can         //// 
.................... ////  can be connected to any GPIO using several ports.                    //// 
.................... ////                                                                       //// 
.................... ////  To use port access, #define LCD_DATA_PORT to the SFR location of     //// 
.................... ////  of the GPIO port that holds the interface, -AND- edit LCD_PIN_MAP    //// 
.................... ////  of this file to configure the pin order.  If you are using a         //// 
.................... ////  baseline PIC (PCB), then LCD_OUTPUT_MAP and LCD_INPUT_MAP also must  //// 
.................... ////  be defined.                                                          //// 
.................... ////                                                                       //// 
.................... ////  Example of port access:                                              //// 
.................... ////     #define LCD_DATA_PORT getenv("SFR:PORTD")                         //// 
.................... ////                                                                       //// 
.................... ////  To use pin access, the following pins must be defined:               //// 
.................... ////     LCD_ENABLE_PIN                                                    //// 
.................... ////     LCD_RS_PIN                                                        //// 
.................... ////     LCD_RW_PIN                                                        //// 
.................... ////     LCD_DATA4                                                         //// 
.................... ////     LCD_DATA5                                                         //// 
.................... ////     LCD_DATA6                                                         //// 
.................... ////     LCD_DATA7                                                         //// 
.................... ////                                                                       //// 
.................... ////  Example of pin access:                                               //// 
.................... ////     #define LCD_ENABLE_PIN  PIN_E0                                    //// 
.................... ////     #define LCD_RS_PIN      PIN_E1                                    //// 
.................... ////     #define LCD_RW_PIN      PIN_E2                                    //// 
.................... ////     #define LCD_DATA4       PIN_D4                                    //// 
.................... ////     #define LCD_DATA5       PIN_D5                                    //// 
.................... ////     #define LCD_DATA6       PIN_D6                                    //// 
.................... ////     #define LCD_DATA7       PIN_D7                                    //// 
.................... ////                                                                       //// 
.................... /////////////////////////////////////////////////////////////////////////////// 
.................... ////        (C) Copyright 1996,2010 Custom Computer Services           //// 
.................... //// This source code may only be used by licensed users of the CCS C  //// 
.................... //// compiler.  This source code may only be distributed to other      //// 
.................... //// licensed users of the CCS C compiler.  No other use, reproduction //// 
.................... //// or distribution is permitted without written permission.          //// 
.................... //// Derivative programs created using this software in object code    //// 
.................... //// form are not restricted in any way.                               //// 
.................... /////////////////////////////////////////////////////////////////////////// 
....................  
.................... #ifndef __LCD_C__ 
.................... #define __LCD_C__ 
....................  
.................... // define the pinout. 
.................... // only required if port access is being used. 
.................... typedef struct   
.................... {                            // This structure is overlayed 
....................    int1 enable;           // on to an I/O port to gain 
....................    int1 rs;               // access to the LCD pins. 
....................    int1 rw;               // The bits are allocated from 
....................    int1 unused;           // low order up.  ENABLE will 
....................    unsigned int     data : 4;         // be LSB pin of that port. 
....................   #if defined(__PCD__)       // The port used will be LCD_DATA_PORT. 
....................    unsigned int    reserved: 8; 
....................   #endif 
.................... } LCD_PIN_MAP; 
....................  
.................... // this is to improve compatability with previous LCD drivers that accepted 
.................... // a define labeled 'use_portb_lcd' that configured the LCD onto port B. 
.................... #if ((defined(use_portb_lcd)) && (use_portb_lcd==TRUE)) 
....................  #define LCD_DATA_PORT getenv("SFR:PORTB") 
.................... #endif 
....................  
.................... #if defined(__PCB__) 
....................    // these definitions only need to be modified for baseline PICs. 
....................    // all other PICs use LCD_PIN_MAP or individual LCD_xxx pin definitions. 
.................... /*                                    EN, RS,   RW,   UNUSED,  DATA  */ 
....................  const LCD_PIN_MAP LCD_OUTPUT_MAP =  {0,  0,    0,    0,       0}; 
....................  const LCD_PIN_MAP LCD_INPUT_MAP =   {0,  0,    0,    0,       0xF}; 
.................... #endif 
....................  
.................... ////////////////////// END CONFIGURATION /////////////////////////////////// 
....................  
.................... #ifndef LCD_ENABLE_PIN 
....................    #define lcd_output_enable(x) lcdlat.enable=x 
....................    #define lcd_enable_tris()   lcdtris.enable=0 
.................... #else 
....................    #define lcd_output_enable(x) output_bit(LCD_ENABLE_PIN, x) 
....................    #define lcd_enable_tris()  output_drive(LCD_ENABLE_PIN) 
.................... #endif 
....................  
.................... #ifndef LCD_RS_PIN 
....................    #define lcd_output_rs(x) lcdlat.rs=x 
....................    #define lcd_rs_tris()   lcdtris.rs=0 
.................... #else 
....................    #define lcd_output_rs(x) output_bit(LCD_RS_PIN, x) 
....................    #define lcd_rs_tris()  output_drive(LCD_RS_PIN) 
.................... #endif 
....................  
.................... #ifndef LCD_RW_PIN 
....................    #define lcd_output_rw(x) lcdlat.rw=x 
....................    #define lcd_rw_tris()   lcdtris.rw=0 
.................... #else 
....................    #define lcd_output_rw(x) output_bit(LCD_RW_PIN, x) 
....................    #define lcd_rw_tris()  output_drive(LCD_RW_PIN) 
.................... #endif 
....................  
.................... // original version of this library incorrectly labeled LCD_DATA0 as LCD_DATA4, 
.................... // LCD_DATA1 as LCD_DATA5, and so on.  this block of code makes the driver 
.................... // compatible with any code written for the original library 
.................... #if (defined(LCD_DATA0) && defined(LCD_DATA1) && defined(LCD_DATA2) && defined(LCD_DATA3) && !defined(LCD_DATA4) && !defined(LCD_DATA5) && !defined(LCD_DATA6) && !defined(LCD_DATA7)) 
....................    #define  LCD_DATA4    LCD_DATA0 
....................    #define  LCD_DATA5    LCD_DATA1 
....................    #define  LCD_DATA6    LCD_DATA2 
....................    #define  LCD_DATA7    LCD_DATA3 
.................... #endif 
....................  
.................... #ifndef LCD_DATA4 
.................... #ifndef LCD_DATA_PORT 
....................    #if defined(__PCB__) 
....................       #define LCD_DATA_PORT      0x06     //portb 
....................       #define set_tris_lcd(x)   set_tris_b(x) 
....................    #else 
....................      #if defined(PIN_D0) 
....................       #define LCD_DATA_PORT      getenv("SFR:PORTD")     //portd 
....................      #else 
....................       #define LCD_DATA_PORT      getenv("SFR:PORTB")     //portb 
....................      #endif 
....................    #endif    
.................... #endif 
....................  
.................... #if defined(__PCB__) 
....................    LCD_PIN_MAP lcd, lcdlat; 
....................    #byte lcd = LCD_DATA_PORT 
....................    #byte lcdlat = LCD_DATA_PORT 
.................... #elif defined(__PCM__) 
....................    LCD_PIN_MAP lcd, lcdlat, lcdtris; 
....................    #byte lcd = LCD_DATA_PORT 
....................    #byte lcdlat = LCD_DATA_PORT 
....................    #byte lcdtris = LCD_DATA_PORT+0x80 
.................... #elif defined(__PCH__) 
....................    LCD_PIN_MAP lcd, lcdlat, lcdtris; 
....................    #byte lcd = LCD_DATA_PORT 
....................    #byte lcdlat = LCD_DATA_PORT+9 
....................    #byte lcdtris = LCD_DATA_PORT+0x12 
.................... #elif defined(__PCD__) 
....................    LCD_PIN_MAP lcd, lcdlat, lcdtris; 
....................    #word lcd = LCD_DATA_PORT 
....................    #word lcdlat = LCD_DATA_PORT+2 
....................    #word lcdtris = LCD_DATA_PORT-0x02 
.................... #endif 
.................... #endif   //LCD_DATA4 not defined 
....................  
.................... #ifndef LCD_TYPE 
....................    #define LCD_TYPE 2           // 0=5x7, 1=5x10, 2=2 lines 
.................... #endif 
....................  
.................... #ifndef LCD_LINE_TWO 
....................    #define LCD_LINE_TWO 0x40    // LCD RAM address for the second line 
.................... #endif 
....................  
.................... #ifndef LCD_LINE_LENGTH 
....................    #define LCD_LINE_LENGTH 20 
.................... #endif 
....................  
.................... unsigned int8 lcd_read_nibble(void); 
....................  
.................... unsigned int8 lcd_read_byte(void) 
.................... { 
....................    unsigned int8 low,high; 
....................  
....................  #if defined(__PCB__) 
....................    set_tris_lcd(LCD_INPUT_MAP); 
....................  #else 
....................   #if (defined(LCD_DATA4) && defined(LCD_DATA5) && defined(LCD_DATA6) && defined(LCD_DATA7)) 
....................    output_float(LCD_DATA4); 
*
00A7:  BSF    03.5
00A8:  BSF    06.4
....................    output_float(LCD_DATA5); 
00A9:  BSF    06.5
....................    output_float(LCD_DATA6); 
00AA:  BSF    06.6
....................    output_float(LCD_DATA7); 
00AB:  BSF    06.7
....................   #else 
....................    lcdtris.data = 0xF; 
....................   #endif 
....................  #endif 
....................          
....................    lcd_output_rw(1); 
00AC:  BCF    03.5
00AD:  BSF    06.2
....................    delay_cycles(1); 
00AE:  NOP
....................    lcd_output_enable(1); 
00AF:  BSF    06.3
....................    delay_cycles(1); 
00B0:  NOP
....................    high = lcd_read_nibble(); 
00B1:  CALL   07C
00B2:  MOVF   78,W
00B3:  MOVWF  48
....................        
....................    lcd_output_enable(0); 
00B4:  BCF    06.3
....................    delay_cycles(1); 
00B5:  NOP
....................    lcd_output_enable(1); 
00B6:  BSF    06.3
....................    delay_us(1); 
00B7:  NOP
....................    low = lcd_read_nibble(); 
00B8:  CALL   07C
00B9:  MOVF   78,W
00BA:  MOVWF  47
....................        
....................    lcd_output_enable(0); 
00BB:  BCF    06.3
....................  
....................  #if defined(__PCB__) 
....................    set_tris_lcd(LCD_OUTPUT_MAP); 
....................  #else 
....................   #if (defined(LCD_DATA4) && defined(LCD_DATA5) && defined(LCD_DATA6) && defined(LCD_DATA7)) 
....................    output_drive(LCD_DATA4); 
00BC:  BSF    03.5
00BD:  BCF    06.4
....................    output_drive(LCD_DATA5); 
00BE:  BCF    06.5
....................    output_drive(LCD_DATA6); 
00BF:  BCF    06.6
....................    output_drive(LCD_DATA7); 
00C0:  BCF    06.7
....................   #else 
....................    lcdtris.data = 0x0; 
....................   #endif 
....................  #endif 
....................  
....................    return( (high<<4) | low); 
00C1:  BCF    03.5
00C2:  SWAPF  48,W
00C3:  MOVWF  77
00C4:  MOVLW  F0
00C5:  ANDWF  77,F
00C6:  MOVF   77,W
00C7:  IORWF  47,W
00C8:  MOVWF  78
.................... } 
....................  
.................... unsigned int8 lcd_read_nibble(void) 
.................... { 
....................   #if (defined(LCD_DATA4) && defined(LCD_DATA5) && defined(LCD_DATA6) && defined(LCD_DATA7)) 
*
007C:  CLRF   49
....................    unsigned int8 n = 0x00; 
....................  
....................    /* Read the data port */ 
....................    n |= input(LCD_DATA4); 
007D:  MOVLW  00
007E:  BTFSC  06.4
007F:  MOVLW  01
0080:  IORWF  49,F
....................    n |= input(LCD_DATA5) << 1; 
0081:  MOVLW  00
0082:  BTFSC  06.5
0083:  MOVLW  01
0084:  MOVWF  77
0085:  BCF    03.0
0086:  RLF    77,F
0087:  MOVF   77,W
0088:  IORWF  49,F
....................    n |= input(LCD_DATA6) << 2; 
0089:  MOVLW  00
008A:  BTFSC  06.6
008B:  MOVLW  01
008C:  MOVWF  77
008D:  RLF    77,F
008E:  RLF    77,F
008F:  MOVLW  FC
0090:  ANDWF  77,F
0091:  MOVF   77,W
0092:  IORWF  49,F
....................    n |= input(LCD_DATA7) << 3; 
0093:  MOVLW  00
0094:  BTFSC  06.7
0095:  MOVLW  01
0096:  MOVWF  77
0097:  RLF    77,F
0098:  RLF    77,F
0099:  RLF    77,F
009A:  MOVLW  F8
009B:  ANDWF  77,F
009C:  MOVF   77,W
009D:  IORWF  49,F
....................     
....................    return(n); 
009E:  MOVF   49,W
009F:  MOVWF  78
....................   #else 
00A0:  RETURN
....................    return(lcd.data); 
....................   #endif 
.................... } 
....................  
.................... void lcd_send_nibble(unsigned int8 n) 
.................... { 
....................   #if (defined(LCD_DATA4) && defined(LCD_DATA5) && defined(LCD_DATA6) && defined(LCD_DATA7)) 
....................    /* Write to the data port */ 
....................    output_bit(LCD_DATA4, bit_test(n, 0)); 
*
0063:  BTFSC  48.0
0064:  GOTO   067
0065:  BCF    06.4
0066:  GOTO   068
0067:  BSF    06.4
....................    output_bit(LCD_DATA5, bit_test(n, 1)); 
0068:  BTFSC  48.1
0069:  GOTO   06C
006A:  BCF    06.5
006B:  GOTO   06D
006C:  BSF    06.5
....................    output_bit(LCD_DATA6, bit_test(n, 2)); 
006D:  BTFSC  48.2
006E:  GOTO   071
006F:  BCF    06.6
0070:  GOTO   072
0071:  BSF    06.6
....................    output_bit(LCD_DATA7, bit_test(n, 3)); 
0072:  BTFSC  48.3
0073:  GOTO   076
0074:  BCF    06.7
0075:  GOTO   077
0076:  BSF    06.7
....................   #else       
....................    lcdlat.data = n; 
....................   #endif 
....................        
....................    delay_cycles(1); 
0077:  NOP
....................    lcd_output_enable(1); 
0078:  BSF    06.3
....................    delay_us(2); 
0079:  GOTO   07A
....................    lcd_output_enable(0); 
007A:  BCF    06.3
007B:  RETURN
.................... } 
....................  
.................... void lcd_send_byte(unsigned int8 address, unsigned int8 n) 
.................... { 
....................   #if defined(__PCB__) 
....................    set_tris_lcd(LCD_OUTPUT_MAP); 
....................   #else 
....................    lcd_enable_tris(); 
*
00A1:  BSF    03.5
00A2:  BCF    06.3
....................    lcd_rs_tris(); 
00A3:  BCF    06.1
....................    lcd_rw_tris(); 
00A4:  BCF    06.2
....................   #endif 
....................  
....................    lcd_output_rs(0); 
00A5:  BCF    03.5
00A6:  BCF    06.1
....................    while ( bit_test(lcd_read_byte(),7) ) ; 
*
00C9:  MOVF   78,W
00CA:  MOVWF  47
00CB:  BTFSC  47.7
00CC:  GOTO   0A7
....................    lcd_output_rs(address); 
00CD:  MOVF   45,F
00CE:  BTFSS  03.2
00CF:  GOTO   0D2
00D0:  BCF    06.1
00D1:  GOTO   0D3
00D2:  BSF    06.1
....................    delay_cycles(1); 
00D3:  NOP
....................    lcd_output_rw(0); 
00D4:  BCF    06.2
....................    delay_cycles(1); 
00D5:  NOP
....................    lcd_output_enable(0); 
00D6:  BCF    06.3
....................    lcd_send_nibble(n >> 4); 
00D7:  SWAPF  46,W
00D8:  MOVWF  47
00D9:  MOVLW  0F
00DA:  ANDWF  47,F
00DB:  MOVF   47,W
00DC:  MOVWF  48
00DD:  CALL   063
....................    lcd_send_nibble(n & 0xf); 
00DE:  MOVF   46,W
00DF:  ANDLW  0F
00E0:  MOVWF  47
00E1:  MOVWF  48
00E2:  CALL   063
00E3:  RETURN
.................... } 
....................  
.................... #if defined(LCD_EXTENDED_NEWLINE) 
.................... unsigned int8 g_LcdX, g_LcdY; 
.................... #endif 
....................  
.................... void lcd_init(void)  
.................... { 
....................    unsigned int8 i; 
....................    unsigned int8 LCD_INIT_STRING[4] = {0x20 | (LCD_TYPE << 2), 0xc, 1, 6}; 
*
0130:  MOVLW  28
0131:  MOVWF  3B
0132:  MOVLW  0C
0133:  MOVWF  3C
0134:  MOVLW  01
0135:  MOVWF  3D
0136:  MOVLW  06
0137:  MOVWF  3E
....................                              // These bytes need to be sent to the LCD 
....................                              // to start it up. 
....................     
....................  
....................    lcd_output_enable(0); 
0138:  BCF    06.3
....................    lcd_output_rs(0); 
0139:  BCF    06.1
....................    lcd_output_rw(0); 
013A:  BCF    06.2
....................  
....................  #if defined(__PCB__) 
....................    set_tris_lcd(LCD_OUTPUT_MAP); 
....................  #else 
....................   #if (defined(LCD_DATA4) && defined(LCD_DATA5) && defined(LCD_DATA6) && defined(LCD_DATA7)) 
....................    output_drive(LCD_DATA4); 
013B:  BSF    03.5
013C:  BCF    06.4
....................    output_drive(LCD_DATA5); 
013D:  BCF    06.5
....................    output_drive(LCD_DATA6); 
013E:  BCF    06.6
....................    output_drive(LCD_DATA7); 
013F:  BCF    06.7
....................   #else 
....................    lcdtris.data = 0x0; 
....................   #endif 
....................    lcd_enable_tris(); 
0140:  BCF    06.3
....................    lcd_rs_tris(); 
0141:  BCF    06.1
....................    lcd_rw_tris(); 
0142:  BCF    06.2
....................  #endif 
....................      
....................    delay_ms(15); 
0143:  MOVLW  0F
0144:  BCF    03.5
0145:  MOVWF  44
0146:  CALL   04E
....................    for(i=1;i<=3;++i) 
0147:  MOVLW  01
0148:  MOVWF  3A
0149:  MOVF   3A,W
014A:  SUBLW  03
014B:  BTFSS  03.0
014C:  GOTO   155
....................    { 
....................        lcd_send_nibble(3); 
014D:  MOVLW  03
014E:  MOVWF  48
014F:  CALL   063
....................        delay_ms(5); 
0150:  MOVLW  05
0151:  MOVWF  44
0152:  CALL   04E
0153:  INCF   3A,F
0154:  GOTO   149
....................    } 
....................     
....................    lcd_send_nibble(2); 
0155:  MOVLW  02
0156:  MOVWF  48
0157:  CALL   063
....................    delay_ms(5); 
0158:  MOVLW  05
0159:  MOVWF  44
015A:  CALL   04E
....................    for(i=0;i<=3;++i) 
015B:  CLRF   3A
015C:  MOVF   3A,W
015D:  SUBLW  03
015E:  BTFSS  03.0
015F:  GOTO   16C
....................       lcd_send_byte(0,LCD_INIT_STRING[i]); 
0160:  MOVLW  3B
0161:  ADDWF  3A,W
0162:  MOVWF  04
0163:  BCF    03.7
0164:  MOVF   00,W
0165:  MOVWF  3F
0166:  CLRF   45
0167:  MOVF   3F,W
0168:  MOVWF  46
0169:  CALL   0A1
....................  
....................   #if defined(LCD_EXTENDED_NEWLINE) 
016A:  INCF   3A,F
016B:  GOTO   15C
....................    g_LcdX = 0; 
....................    g_LcdY = 0; 
....................   #endif 
.................... } 
....................  
.................... void lcd_gotoxy(unsigned int8 x, unsigned int8 y) 
.................... { 
....................    unsigned int8 address; 
....................     
....................    if(y!=1) 
*
00E4:  DECFSZ 42,W
00E5:  GOTO   0E7
00E6:  GOTO   0EA
....................       address=LCD_LINE_TWO; 
00E7:  MOVLW  40
00E8:  MOVWF  43
00E9:  GOTO   0EB
....................    else 
....................       address=0; 
00EA:  CLRF   43
....................       
....................    address+=x-1; 
00EB:  MOVLW  01
00EC:  SUBWF  41,W
00ED:  ADDWF  43,F
....................    lcd_send_byte(0,0x80|address); 
00EE:  MOVF   43,W
00EF:  IORLW  80
00F0:  MOVWF  44
00F1:  CLRF   45
00F2:  MOVF   44,W
00F3:  MOVWF  46
00F4:  CALL   0A1
....................  
....................   #if defined(LCD_EXTENDED_NEWLINE) 
00F5:  RETURN
....................    g_LcdX = x - 1; 
....................    g_LcdY = y - 1; 
....................   #endif 
.................... } 
....................  
.................... void lcd_putc(char c) 
.................... { 
....................    switch (c) 
00F6:  MOVF   40,W
00F7:  XORLW  07
00F8:  BTFSC  03.2
00F9:  GOTO   104
00FA:  XORLW  0B
00FB:  BTFSC  03.2
00FC:  GOTO   109
00FD:  XORLW  06
00FE:  BTFSC  03.2
00FF:  GOTO   111
0100:  XORLW  02
0101:  BTFSC  03.2
0102:  GOTO   117
0103:  GOTO   11C
....................    { 
....................       case '\a'   :  lcd_gotoxy(1,1);     break; 
0104:  MOVLW  01
0105:  MOVWF  41
0106:  MOVWF  42
0107:  CALL   0E4
0108:  GOTO   121
....................  
....................       case '\f'   :  lcd_send_byte(0,1); 
0109:  CLRF   45
010A:  MOVLW  01
010B:  MOVWF  46
010C:  CALL   0A1
....................                      delay_ms(2); 
010D:  MOVLW  02
010E:  MOVWF  44
010F:  CALL   04E
....................                     #if defined(LCD_EXTENDED_NEWLINE) 
....................                      g_LcdX = 0; 
....................                      g_LcdY = 0; 
....................                     #endif 
....................                      break; 
0110:  GOTO   121
....................  
....................      #if defined(LCD_EXTENDED_NEWLINE) 
....................       case '\r'   :  lcd_gotoxy(1, g_LcdY+1);   break; 
....................       case '\n'   : 
....................          while (g_LcdX++ < LCD_LINE_LENGTH) 
....................          { 
....................             lcd_send_byte(1, ' '); 
....................          } 
....................          lcd_gotoxy(1, g_LcdY+2); 
....................          break; 
....................      #else 
....................       case '\n'   : lcd_gotoxy(1,2);        break; 
0111:  MOVLW  01
0112:  MOVWF  41
0113:  MOVLW  02
0114:  MOVWF  42
0115:  CALL   0E4
0116:  GOTO   121
....................      #endif 
....................       
....................       case '\b'   : lcd_send_byte(0,0x10);  break; 
0117:  CLRF   45
0118:  MOVLW  10
0119:  MOVWF  46
011A:  CALL   0A1
011B:  GOTO   121
....................       
....................      #if defined(LCD_EXTENDED_NEWLINE) 
....................       default     :  
....................          if (g_LcdX < LCD_LINE_LENGTH) 
....................          { 
....................             lcd_send_byte(1, c); 
....................             g_LcdX++; 
....................          } 
....................          break; 
....................      #else 
....................       default     : lcd_send_byte(1,c);     break; 
011C:  MOVLW  01
011D:  MOVWF  45
011E:  MOVF   40,W
011F:  MOVWF  46
0120:  CALL   0A1
....................      #endif 
....................    } 
0121:  RETURN
.................... } 
....................   
.................... char lcd_getc(unsigned int8 x, unsigned int8 y) 
.................... { 
....................    char value; 
....................  
....................    lcd_gotoxy(x,y); 
....................    while ( bit_test(lcd_read_byte(),7) ); // wait until busy flag is low 
....................    lcd_output_rs(1); 
....................    value = lcd_read_byte(); 
....................    lcd_output_rs(0); 
....................     
....................    return(value); 
.................... } 
....................  
.................... // write a custom character to the ram 
.................... // which is 0-7 and specifies which character array we are modifying. 
.................... // ptr points to an array of 8 bytes, where each byte is the next row of 
.................... //    pixels.  only bits 0-4 are used.  the last row is the cursor row, and 
.................... //    usually you will want to leave this byte 0x00. 
.................... void lcd_set_cgram_char(unsigned int8 which, unsigned int8 *ptr) 
.................... { 
....................    unsigned int i; 
....................  
....................    which <<= 3; 
....................    which &= 0x38; 
....................  
....................    lcd_send_byte(0, 0x40 | which);  //set cgram address 
....................  
....................    for(i=0; i<8; i++) 
....................    { 
....................       lcd_send_byte(1, *ptr++); 
....................    } 
....................    
....................    #if defined(LCD_EXTENDED_NEWLINE) 
....................     lcd_gotoxy(g_LcdX+1, g_LcdY+1);  //set ddram address 
....................    #endif 
.................... } 
....................  
.................... void lcd_cursor_on(int1 on) 
.................... { 
....................    if (on) 
....................    { 
....................       lcd_send_byte(0,0x0F);           //turn LCD cursor ON 
....................    } 
....................    else 
....................    { 
....................       lcd_send_byte(0,0x0C);           //turn LCD cursor OFF 
....................    } 
.................... } 
....................  
.................... #endif 
....................  
....................  
....................  
.................... enum MenuState { 
....................    IDLE = 0, 
....................    SET_SECOND, 
....................    SET_MINUTE, 
....................    SET_HOUR, 
....................    SET_DAY, 
....................    SET_DATE, 
....................    SET_MONTH, 
....................    SET_YEAR, 
....................    SAVE_AND_EXIT 
.................... }; 
....................  
.................... volatile enum MenuState menu_state = IDLE; 
....................  
.................... // Interrupt service routine 
....................  
.................... #int_ext 
.................... void isrext() {        
....................    menu_state++; 
*
0044:  INCF   39,F
....................    if (menu_state > SAVE_AND_EXIT) 
0045:  MOVF   39,W
0046:  SUBLW  08
0047:  BTFSS  03.0
....................       menu_state = IDLE; 
0048:  CLRF   39
....................    clear_interrupt(INT_EXT);   
0049:  BCF    0B.1
004A:  BCF    0B.1
004B:  BCF    0A.3
004C:  BCF    0A.4
004D:  GOTO   01B
.................... } 
....................  
.................... void sys_init(){ 
....................    output_a(0); 
*
0122:  CLRF   05
....................    output_b(0); 
0123:  CLRF   06
....................    output_c(0); 
0124:  CLRF   07
....................    set_tris_a(0b111111); 
0125:  MOVLW  3F
0126:  BSF    03.5
0127:  MOVWF  05
....................    set_tris_b(0x01); 
0128:  MOVLW  01
0129:  MOVWF  06
....................    set_tris_c(0); 
012A:  MOVLW  00
012B:  MOVWF  07
....................    output_a(0); 
012C:  BCF    03.5
012D:  CLRF   05
....................    output_b(0); 
012E:  CLRF   06
....................    output_c(0); 
012F:  CLRF   07
....................     
....................    lcd_init(); 
....................    lcd_putc('\f'); 
*
016C:  MOVLW  0C
016D:  MOVWF  40
016E:  CALL   0F6
....................     
....................    ext_int_edge(L_TO_H); 
016F:  BSF    03.5
0170:  BSF    01.6
....................    clear_interrupt(INT_EXT); 
0171:  BCF    03.5
0172:  BCF    0B.1
....................    enable_interrupts(INT_EXT); 
0173:  BSF    0B.4
....................    enable_interrupts(GLOBAL); 
0174:  MOVLW  C0
0175:  IORWF  0B,F
0176:  BSF    0A.3
0177:  BCF    0A.4
0178:  GOTO   0A1 (RETURN)
.................... } 
....................  
....................  
....................    
.................... // Helper functions  
....................  
.................... unsigned int8 bcd_to_decimal(unsigned int8 bcd) { 
*
024E:  SWAPF  42,W
024F:  MOVWF  77
0250:  MOVLW  0F
0251:  ANDWF  77,F
0252:  MOVF   77,W
0253:  ANDLW  0F
0254:  MOVWF  43
0255:  MOVF   42,W
0256:  ANDLW  0F
0257:  MOVWF  44
....................     int tens = (bcd >> 4) & 0x0F; 
....................     int units = bcd & 0x0F; 
....................     return tens * 10 + units; 
0258:  MOVF   43,W
0259:  MOVWF  45
025A:  MOVLW  0A
025B:  MOVWF  46
*
0280:  MOVF   44,W
0281:  ADDWF  78,W
0282:  MOVWF  78
0283:  RETURN
.................... } 
....................  
.................... unsigned int8 decimal_to_bcd(unsigned int8 decimal) { 
*
078F:  MOVF   3B,W
0790:  MOVWF  40
0791:  MOVLW  0A
0792:  MOVWF  41
0793:  CALL   38F
0794:  MOVF   78,W
0795:  MOVWF  3C
0796:  MOVF   3B,W
0797:  MOVWF  40
0798:  MOVLW  0A
0799:  MOVWF  41
079A:  CALL   38F
079B:  MOVF   77,W
079C:  MOVWF  3D
....................     unsigned int8 tens = decimal / 10; 
....................     unsigned int8 units = decimal % 10; 
....................     return (tens << 4) | units; 
079D:  SWAPF  3C,W
079E:  MOVWF  77
079F:  MOVLW  F0
07A0:  ANDWF  77,F
07A1:  MOVF   77,W
07A2:  IORWF  3D,W
07A3:  MOVWF  78
07A4:  RETURN
.................... } 
....................  
.................... char *day_of_the_weeks(unsigned int8 number){ 
....................    char *days[] = {"Sun", "Mon", "Tue", "Wed", "Thu", "Fri", "Sat"}; 
*
02F4:  MOVLW  53
02F5:  MOVWF  49
02F6:  MOVLW  75
02F7:  MOVWF  4A
02F8:  MOVLW  6E
02F9:  MOVWF  4B
02FA:  CLRF   4C
02FB:  MOVLW  4D
02FC:  MOVWF  4D
02FD:  MOVLW  6F
02FE:  MOVWF  4E
02FF:  MOVLW  6E
0300:  MOVWF  4F
0301:  CLRF   50
0302:  MOVLW  54
0303:  MOVWF  51
0304:  MOVLW  75
0305:  MOVWF  52
0306:  MOVLW  65
0307:  MOVWF  53
0308:  CLRF   54
0309:  MOVLW  57
030A:  MOVWF  55
030B:  MOVLW  65
030C:  MOVWF  56
030D:  MOVLW  64
030E:  MOVWF  57
030F:  CLRF   58
0310:  MOVLW  54
0311:  MOVWF  59
0312:  MOVLW  68
0313:  MOVWF  5A
0314:  MOVLW  75
0315:  MOVWF  5B
0316:  CLRF   5C
0317:  MOVLW  46
0318:  MOVWF  5D
0319:  MOVLW  72
031A:  MOVWF  5E
031B:  MOVLW  69
031C:  MOVWF  5F
031D:  CLRF   60
031E:  MOVLW  53
031F:  MOVWF  61
0320:  MOVLW  61
0321:  MOVWF  62
0322:  MOVLW  74
0323:  MOVWF  63
0324:  CLRF   64
0325:  CLRF   3C
0326:  MOVLW  49
0327:  MOVWF  3B
0328:  CLRF   3E
0329:  MOVLW  4D
032A:  MOVWF  3D
032B:  CLRF   40
032C:  MOVLW  51
032D:  MOVWF  3F
032E:  CLRF   42
032F:  MOVLW  55
0330:  MOVWF  41
0331:  CLRF   44
0332:  MOVLW  59
0333:  MOVWF  43
0334:  CLRF   46
0335:  MOVLW  5D
0336:  MOVWF  45
0337:  CLRF   48
0338:  MOVLW  61
0339:  MOVWF  47
....................    return days[(number - 1)]; 
033A:  MOVLW  01
033B:  SUBWF  3A,W
033C:  MOVWF  77
033D:  BCF    03.0
033E:  RLF    77,F
033F:  MOVF   77,W
0340:  ADDLW  3B
0341:  MOVWF  04
0342:  BCF    03.7
0343:  MOVF   00,W
0344:  MOVWF  78
0345:  INCF   04,F
0346:  MOVF   00,W
0347:  DECF   04,F
0348:  MOVWF  79
0349:  RETURN
.................... } 
....................  
.................... unsigned int8 read_register(unsigned int8 address){ 
*
01C3:  CLRF   43
....................    unsigned int8 register_content = 0; 
....................    delay_ms(100); 
01C4:  MOVLW  64
01C5:  MOVWF  44
01C6:  CALL   04E
....................    i2c_start(); 
01C7:  BSF    03.5
01C8:  BSF    07.4
01C9:  NOP
01CA:  BSF    07.3
01CB:  NOP
01CC:  BCF    03.5
01CD:  BCF    07.4
01CE:  BSF    03.5
01CF:  BCF    07.4
01D0:  NOP
01D1:  BCF    03.5
01D2:  BCF    07.3
01D3:  BSF    03.5
01D4:  BCF    07.3
....................    i2c_write(0xD0); 
01D5:  MOVLW  D0
01D6:  BCF    03.5
01D7:  MOVWF  44
01D8:  CALL   179
....................    i2c_write(address); 
01D9:  MOVF   42,W
01DA:  MOVWF  44
01DB:  CALL   179
....................    i2c_start(); 
01DC:  BSF    03.5
01DD:  BSF    07.4
01DE:  NOP
01DF:  BSF    07.3
01E0:  NOP
01E1:  BCF    03.5
01E2:  BTFSS  07.3
01E3:  GOTO   1E2
01E4:  BCF    07.4
01E5:  BSF    03.5
01E6:  BCF    07.4
01E7:  NOP
01E8:  BCF    03.5
01E9:  BCF    07.3
01EA:  BSF    03.5
01EB:  BCF    07.3
....................    i2c_write(0xD1); 
01EC:  MOVLW  D1
01ED:  BCF    03.5
01EE:  MOVWF  44
01EF:  CALL   179
....................    register_content = i2c_read(0); 
01F0:  CLRF   77
*
0234:  MOVF   78,W
0235:  BCF    03.5
0236:  MOVWF  43
....................    i2c_stop(); 
0237:  BSF    03.5
0238:  BCF    07.4
0239:  NOP
023A:  BSF    07.3
023B:  BCF    03.5
023C:  BTFSS  07.3
023D:  GOTO   23C
023E:  NOP
023F:  GOTO   240
0240:  NOP
0241:  BSF    03.5
0242:  BSF    07.4
0243:  NOP
....................    delay_us(100); 
0244:  MOVLW  20
0245:  MOVWF  77
0246:  DECFSZ 77,F
0247:  GOTO   246
0248:  GOTO   249
0249:  NOP
....................    return register_content; 
024A:  BCF    03.5
024B:  MOVF   43,W
024C:  MOVWF  78
024D:  RETURN
.................... } 
....................  
.................... void store_register(unsigned int8 address, unsigned int8 register_content){ 
....................  
....................    i2c_start(); 
*
0765:  BSF    03.5
0766:  BSF    07.4
0767:  NOP
0768:  BSF    07.3
0769:  NOP
076A:  BCF    03.5
076B:  BCF    07.4
076C:  BSF    03.5
076D:  BCF    07.4
076E:  NOP
076F:  BCF    03.5
0770:  BCF    07.3
0771:  BSF    03.5
0772:  BCF    07.3
....................    i2c_write(0xD0); 
0773:  MOVLW  D0
0774:  BCF    03.5
0775:  MOVWF  44
0776:  CALL   179
....................    i2c_write(address); 
0777:  MOVF   3B,W
0778:  MOVWF  44
0779:  CALL   179
....................    i2c_write(register_content); 
077A:  MOVF   3C,W
077B:  MOVWF  44
077C:  CALL   179
....................    i2c_stop(); 
077D:  BSF    03.5
077E:  BCF    07.4
077F:  NOP
0780:  BSF    07.3
0781:  BCF    03.5
0782:  BTFSS  07.3
0783:  GOTO   782
0784:  NOP
0785:  GOTO   786
0786:  NOP
0787:  BSF    03.5
0788:  BSF    07.4
0789:  NOP
....................    delay_ms(20); 
078A:  MOVLW  14
078B:  BCF    03.5
078C:  MOVWF  44
078D:  CALL   04E
078E:  RETURN
....................  
.................... } 
....................  
.................... // Seconds functions 
....................  
.................... unsigned int8 read_seconds(void){ 
....................  
....................    temp_seconds = read_register(0x00); 
*
0284:  CLRF   42
0285:  CALL   1C3
0286:  MOVF   78,W
0287:  MOVWF  32
....................    temp_seconds &= 0x7F; 
0288:  BCF    32.7
....................    temp_seconds = bcd_to_decimal(temp_seconds); 
0289:  MOVF   32,W
028A:  MOVWF  42
028B:  CALL   24E
028C:  MOVF   78,W
028D:  MOVWF  32
....................    return temp_seconds; 
028E:  MOVF   32,W
028F:  MOVWF  78
0290:  RETURN
.................... } 
....................  
.................... void store_seconds(void){ 
....................    temp_seconds = decimal_to_bcd(temp_seconds); 
*
0878:  MOVF   32,W
0879:  MOVWF  3B
087A:  BCF    0A.3
087B:  CALL   78F
087C:  BSF    0A.3
087D:  MOVF   78,W
087E:  MOVWF  32
....................    temp_seconds &= 0x7F; 
087F:  BCF    32.7
....................    store_register(0x00, temp_seconds); 
0880:  CLRF   3B
0881:  MOVF   32,W
0882:  MOVWF  3C
0883:  BCF    0A.3
0884:  CALL   765
0885:  BSF    0A.3
.................... } 
....................  
....................  
.................... void set_seconds(void){ 
....................    temp_seconds = read_seconds(); 
*
04E4:  CALL   284
04E5:  MOVF   78,W
04E6:  MOVWF  32
....................    while(menu_state == SET_SECOND){ 
04E7:  DECFSZ 39,W
04E8:  GOTO   523
....................       lcd_gotoxy(7, 1); 
04E9:  MOVLW  07
04EA:  MOVWF  41
04EB:  MOVLW  01
04EC:  MOVWF  42
04ED:  CALL   0E4
....................       printf(lcd_putc, "%02d", temp_seconds); 
04EE:  MOVF   32,W
04EF:  MOVWF  3A
04F0:  MOVLW  01
04F1:  MOVWF  3B
04F2:  CALL   3A4
....................       delay_ms(300); 
04F3:  MOVLW  02
04F4:  MOVWF  3A
04F5:  MOVLW  96
04F6:  MOVWF  44
04F7:  CALL   04E
04F8:  DECFSZ 3A,F
04F9:  GOTO   4F5
....................       lcd_gotoxy(7, 1); 
04FA:  MOVLW  07
04FB:  MOVWF  41
04FC:  MOVLW  01
04FD:  MOVWF  42
04FE:  CALL   0E4
....................       printf(lcd_putc, "  "); 
04FF:  MOVLW  20
0500:  MOVWF  40
0501:  CALL   0F6
0502:  MOVLW  20
0503:  MOVWF  40
0504:  CALL   0F6
....................       delay_ms(300); 
0505:  MOVLW  02
0506:  MOVWF  3A
0507:  MOVLW  96
0508:  MOVWF  44
0509:  CALL   04E
050A:  DECFSZ 3A,F
050B:  GOTO   507
....................       // continue; 
....................       if(INC){ 
050C:  BTFSS  05.4
050D:  GOTO   517
....................          while(INC); 
050E:  BTFSC  05.4
050F:  GOTO   50E
....................          temp_seconds++; 
0510:  INCF   32,F
....................          if(temp_seconds > 59) temp_seconds = 0; 
0511:  MOVF   32,W
0512:  SUBLW  3B
0513:  BTFSS  03.0
0514:  CLRF   32
....................          temp_seconds = temp_seconds; 
....................          continue; 
0515:  GOTO   4E7
....................       } 
0516:  GOTO   522
....................           
....................       else if(DEC){ 
0517:  BTFSS  05.5
0518:  GOTO   522
....................          while(DEC); 
0519:  BTFSC  05.5
051A:  GOTO   519
....................          if(temp_seconds == 0) temp_seconds = 60; 
051B:  MOVF   32,F
051C:  BTFSS  03.2
051D:  GOTO   520
051E:  MOVLW  3C
051F:  MOVWF  32
....................          temp_seconds--; 
0520:  DECF   32,F
....................           temp_seconds = temp_seconds; 
....................          continue; 
0521:  GOTO   4E7
....................       } 
0522:  GOTO   4E7
....................        
....................       } 
0523:  BSF    0A.3
0524:  BCF    0A.4
0525:  GOTO   141 (RETURN)
.................... } 
....................  
.................... // minutes functions 
....................  
.................... unsigned int read_minutes(void){ 
....................    temp_minutes = read_register(0x01); 
*
0291:  MOVLW  01
0292:  MOVWF  42
0293:  CALL   1C3
0294:  MOVF   78,W
0295:  MOVWF  33
....................    temp_minutes &=0x7F; 
0296:  BCF    33.7
....................    temp_minutes = bcd_to_decimal(temp_minutes); 
0297:  MOVF   33,W
0298:  MOVWF  42
0299:  CALL   24E
029A:  MOVF   78,W
029B:  MOVWF  33
....................    return temp_minutes; 
029C:  MOVF   33,W
029D:  MOVWF  78
029E:  RETURN
.................... } 
....................  
.................... void store_minutes(void){ 
....................    temp_minutes = decimal_to_bcd(temp_minutes); 
*
0806:  MOVF   33,W
0807:  MOVWF  3B
0808:  BCF    0A.3
0809:  CALL   78F
080A:  BSF    0A.3
080B:  MOVF   78,W
080C:  MOVWF  33
....................    temp_minutes &=0x7F; 
080D:  BCF    33.7
....................    store_register(0x01, temp_minutes); 
080E:  MOVLW  01
080F:  MOVWF  3B
0810:  MOVF   33,W
0811:  MOVWF  3C
0812:  BCF    0A.3
0813:  CALL   765
0814:  BSF    0A.3
.................... } 
....................  
.................... void set_minutes(void){ 
....................    temp_minutes =  read_minutes(); 
*
0526:  CALL   291
0527:  MOVF   78,W
0528:  MOVWF  33
....................    while(menu_state == SET_MINUTE){ 
0529:  MOVF   39,W
052A:  SUBLW  02
052B:  BTFSS  03.2
052C:  GOTO   567
....................       lcd_gotoxy(4, 1); 
052D:  MOVLW  04
052E:  MOVWF  41
052F:  MOVLW  01
0530:  MOVWF  42
0531:  CALL   0E4
....................       printf(lcd_putc, "%02d", temp_minutes); 
0532:  MOVF   33,W
0533:  MOVWF  3A
0534:  MOVLW  01
0535:  MOVWF  3B
0536:  CALL   3A4
....................       delay_ms(300); 
0537:  MOVLW  02
0538:  MOVWF  3A
0539:  MOVLW  96
053A:  MOVWF  44
053B:  CALL   04E
053C:  DECFSZ 3A,F
053D:  GOTO   539
....................       lcd_gotoxy(4, 1); 
053E:  MOVLW  04
053F:  MOVWF  41
0540:  MOVLW  01
0541:  MOVWF  42
0542:  CALL   0E4
....................       printf(lcd_putc, "  "); 
0543:  MOVLW  20
0544:  MOVWF  40
0545:  CALL   0F6
0546:  MOVLW  20
0547:  MOVWF  40
0548:  CALL   0F6
....................       delay_ms(300); 
0549:  MOVLW  02
054A:  MOVWF  3A
054B:  MOVLW  96
054C:  MOVWF  44
054D:  CALL   04E
054E:  DECFSZ 3A,F
054F:  GOTO   54B
....................       if(INC){ 
0550:  BTFSS  05.4
0551:  GOTO   55B
....................          while(INC); 
0552:  BTFSC  05.4
0553:  GOTO   552
....................          temp_minutes++; 
0554:  INCF   33,F
....................          if(temp_minutes > 59) temp_minutes = 0; 
0555:  MOVF   33,W
0556:  SUBLW  3B
0557:  BTFSS  03.0
0558:  CLRF   33
....................          temp_minutes = temp_minutes; 
....................          continue; 
0559:  GOTO   529
....................       } 
055A:  GOTO   566
....................           
....................       else if(DEC){ 
055B:  BTFSS  05.5
055C:  GOTO   566
....................          while(DEC); 
055D:  BTFSC  05.5
055E:  GOTO   55D
....................          if(temp_minutes == 0) temp_minutes = 60; 
055F:  MOVF   33,F
0560:  BTFSS  03.2
0561:  GOTO   564
0562:  MOVLW  3C
0563:  MOVWF  33
....................          temp_minutes--; 
0564:  DECF   33,F
....................          temp_minutes = temp_minutes; 
....................          continue; 
0565:  GOTO   529
....................       } 
0566:  GOTO   529
....................        
....................       } 
0567:  BSF    0A.3
0568:  BCF    0A.4
0569:  GOTO   141 (RETURN)
.................... } 
....................  
....................  
.................... // Hours function 
....................  
.................... void set_am_pm(unsigned int8 value){ 
....................     
....................    if(value == 0x01){ 
*
029F:  DECFSZ 42,W
02A0:  GOTO   2B2
....................     hours.ch = "PM"; 
02A1:  CLRF   43
02A2:  CLRF   44
02A3:  MOVLW  2B
02A4:  MOVWF  04
02A5:  BCF    03.7
02A6:  MOVF   43,W
02A7:  ADDWF  04,F
02A8:  MOVF   44,W
02A9:  CALL   036
02AA:  MOVWF  00
02AB:  IORLW  00
02AC:  BTFSC  03.2
02AD:  GOTO   2B1
02AE:  INCF   44,F
02AF:  INCF   43,F
02B0:  GOTO   2A3
....................    } 
02B1:  GOTO   2C2
....................    else hours.ch = "AM"; 
02B2:  CLRF   43
02B3:  CLRF   44
02B4:  MOVLW  2B
02B5:  MOVWF  04
02B6:  BCF    03.7
02B7:  MOVF   43,W
02B8:  ADDWF  04,F
02B9:  MOVF   44,W
02BA:  CALL   03D
02BB:  MOVWF  00
02BC:  IORLW  00
02BD:  BTFSC  03.2
02BE:  GOTO   2C2
02BF:  INCF   44,F
02C0:  INCF   43,F
02C1:  GOTO   2B4
02C2:  RETURN
.................... } 
....................  
....................  
.................... hour read_hours(void){ 
02C3:  CLRF   40
02C4:  CLRF   41
....................     
....................    unsigned int8 hour_12 = 0; 
....................    unsigned int8 hour_24 = 0; 
....................  
....................    hours.temp_hours = read_register(0x02); 
02C5:  MOVLW  02
02C6:  MOVWF  42
02C7:  CALL   1C3
02C8:  MOVF   78,W
02C9:  MOVWF  28
....................    hours.hour_mode = (hours.temp_hours >> 6) & 0x01; 
02CA:  SWAPF  28,W
02CB:  MOVWF  77
02CC:  RRF    77,F
02CD:  RRF    77,F
02CE:  MOVLW  03
02CF:  ANDWF  77,F
02D0:  MOVF   77,W
02D1:  ANDLW  01
02D2:  MOVWF  2A
....................    hours.am_pm = (hours.temp_hours >> 5) & 0x01; 
02D3:  SWAPF  28,W
02D4:  MOVWF  77
02D5:  RRF    77,F
02D6:  MOVLW  07
02D7:  ANDWF  77,F
02D8:  MOVF   77,W
02D9:  ANDLW  01
02DA:  MOVWF  29
....................    hour_12 = (hours.temp_hours & 0x1F); 
02DB:  MOVF   28,W
02DC:  ANDLW  1F
02DD:  MOVWF  40
....................    hour_24 = hours.temp_hours & 0x3F; 
02DE:  MOVF   28,W
02DF:  ANDLW  3F
02E0:  MOVWF  41
....................     
....................    if(hours.hour_mode == 0x01){ 
02E1:  DECFSZ 2A,W
02E2:  GOTO   2EB
....................       set_am_pm(hours.am_pm); 
02E3:  MOVF   29,W
02E4:  MOVWF  42
02E5:  CALL   29F
....................       hours.temp_hours = bcd_to_decimal(hour_12); 
02E6:  MOVF   40,W
02E7:  MOVWF  42
02E8:  CALL   24E
02E9:  MOVF   78,W
02EA:  MOVWF  28
....................    } 
....................    hours.temp_hours = bcd_to_decimal(hour_24);  
02EB:  MOVF   41,W
02EC:  MOVWF  42
02ED:  CALL   24E
02EE:  MOVF   78,W
02EF:  MOVWF  28
....................    return hours; 
02F0:  MOVLW  28
02F1:  MOVWF  78
02F2:  CLRF   79
02F3:  RETURN
.................... } 
....................  
.................... void store_hours(void){ 
*
0815:  CLRF   3A
....................  
....................    unsigned int8 hour_12 = 0; 
....................    hours.temp_hours = decimal_to_bcd(hours.temp_hours); 
0816:  MOVF   28,W
0817:  MOVWF  3B
0818:  BCF    0A.3
0819:  CALL   78F
081A:  BSF    0A.3
081B:  MOVF   78,W
081C:  MOVWF  28
....................     
....................    hour_12 = (hours.temp_hours >> 6) & 0x01; 
081D:  SWAPF  28,W
081E:  MOVWF  77
081F:  RRF    77,F
0820:  RRF    77,F
0821:  MOVLW  03
0822:  ANDWF  77,F
0823:  MOVF   77,W
0824:  ANDLW  01
0825:  MOVWF  3A
....................    if(hour_12 == 0x01){ 
0826:  DECFSZ 3A,W
0827:  GOTO   031
....................       hours.temp_hours |= (hours.am_pm << 5); 
0828:  SWAPF  29,W
0829:  MOVWF  77
082A:  RLF    77,F
082B:  MOVLW  E0
082C:  ANDWF  77,F
082D:  MOVF   77,W
082E:  IORWF  28,F
....................       hours.temp_hours &= 0x7F; 
082F:  BCF    28.7
....................    } 
0830:  GOTO   033
....................    else hours.temp_hours &= 0x3F; 
0831:  MOVLW  3F
0832:  ANDWF  28,F
....................    store_register(0x02, hours.temp_hours); 
0833:  MOVLW  02
0834:  MOVWF  3B
0835:  MOVF   28,W
0836:  MOVWF  3C
0837:  BCF    0A.3
0838:  CALL   765
0839:  BSF    0A.3
.................... } 
....................  
....................  
.................... void set_hours(void){ 
....................       hours = read_hours(); 
*
056A:  CALL   2C3
056B:  MOVF   79,W
056C:  MOVWF  7A
056D:  MOVF   78,W
056E:  MOVWF  3A
056F:  MOVF   7A,W
0570:  MOVWF  3B
0571:  CLRF   3D
0572:  MOVLW  28
0573:  MOVWF  3C
0574:  MOVLW  07
0575:  MOVWF  78
0576:  MOVF   3A,W
0577:  MOVWF  04
0578:  BCF    03.7
0579:  BTFSC  3B.0
057A:  BSF    03.7
057B:  MOVF   00,W
057C:  MOVWF  77
057D:  MOVF   3C,W
057E:  MOVWF  04
057F:  BCF    03.7
0580:  BTFSC  3D.0
0581:  BSF    03.7
0582:  MOVF   77,W
0583:  MOVWF  00
0584:  INCF   3C,F
0585:  BTFSC  03.2
0586:  INCF   3D,F
0587:  INCF   3A,F
0588:  BTFSC  03.2
0589:  INCF   3B,F
058A:  DECFSZ 78,F
058B:  GOTO   576
....................       while(menu_state == SET_HOUR){ 
058C:  MOVF   39,W
058D:  SUBLW  03
058E:  BTFSS  03.2
058F:  GOTO   637
....................          lcd_gotoxy(1, 1); 
0590:  MOVLW  01
0591:  MOVWF  41
0592:  MOVWF  42
0593:  CALL   0E4
....................          printf(lcd_putc, "%02d", hours.temp_hours); 
0594:  MOVF   28,W
0595:  MOVWF  3A
0596:  MOVLW  01
0597:  MOVWF  3B
0598:  CALL   3A4
....................          set_am_pm(hours.am_pm); 
0599:  MOVF   29,W
059A:  MOVWF  42
059B:  CALL   29F
....................          if(hours.hour_mode == 0x00) strcpy(hours.ch,  "  "); 
059C:  MOVF   2A,F
059D:  BTFSS  03.2
059E:  GOTO   5AF
059F:  CLRF   3A
05A0:  CLRF   3B
05A1:  MOVLW  2B
05A2:  MOVWF  04
05A3:  BCF    03.7
05A4:  MOVF   3A,W
05A5:  ADDWF  04,F
05A6:  MOVF   3B,W
05A7:  CALL   02F
05A8:  MOVWF  00
05A9:  IORLW  00
05AA:  BTFSC  03.2
05AB:  GOTO   5AF
05AC:  INCF   3B,F
05AD:  INCF   3A,F
05AE:  GOTO   5A1
....................          lcd_gotoxy(10, 1); 
05AF:  MOVLW  0A
05B0:  MOVWF  41
05B1:  MOVLW  01
05B2:  MOVWF  42
05B3:  CALL   0E4
....................          printf(lcd_putc, "%s", &hours.ch); 
05B4:  MOVLW  2B
05B5:  MOVWF  04
05B6:  BCF    03.7
05B7:  CALL   3FB
....................          delay_ms(300); 
05B8:  MOVLW  02
05B9:  MOVWF  3A
05BA:  MOVLW  96
05BB:  MOVWF  44
05BC:  CALL   04E
05BD:  DECFSZ 3A,F
05BE:  GOTO   5BA
....................          lcd_gotoxy(1, 1); 
05BF:  MOVLW  01
05C0:  MOVWF  41
05C1:  MOVWF  42
05C2:  CALL   0E4
....................          printf(lcd_putc, "  "); 
05C3:  MOVLW  20
05C4:  MOVWF  40
05C5:  CALL   0F6
05C6:  MOVLW  20
05C7:  MOVWF  40
05C8:  CALL   0F6
....................          delay_ms(300); 
05C9:  MOVLW  02
05CA:  MOVWF  3A
05CB:  MOVLW  96
05CC:  MOVWF  44
05CD:  CALL   04E
05CE:  DECFSZ 3A,F
05CF:  GOTO   5CB
....................        
....................          if(INC){ 
05D0:  BTFSS  05.4
05D1:  GOTO   5FB
....................             while(INC); 
05D2:  BTFSC  05.4
05D3:  GOTO   5D2
....................             hours.temp_hours++; 
05D4:  INCF   28,F
....................             if(hours.hour_mode == 0x00){  // Check if the 12 hour mode is selected: 0x00 means the clock is in 24 hour mode. 
05D5:  MOVF   2A,F
05D6:  BTFSS  03.2
05D7:  GOTO   5E5
....................                if(hours.temp_hours > 23){ 
05D8:  MOVF   28,W
05D9:  SUBLW  17
05DA:  BTFSC  03.0
05DB:  GOTO   5E3
....................                   hours.temp_hours = 1; 
05DC:  MOVLW  01
05DD:  MOVWF  28
....................                   set_am_pm(hours.am_pm); 
05DE:  MOVF   29,W
05DF:  MOVWF  42
05E0:  CALL   29F
....................                   hours.hour_mode ^= 0x01; 
05E1:  MOVLW  01
05E2:  XORWF  2A,F
....................                } 
....................                hours.temp_hours = hours.temp_hours; 
....................                continue; 
05E3:  GOTO   58C
....................             } 
05E4:  GOTO   5FB
....................           
....................             else if(hours.hour_mode == 0x01){ 
05E5:  DECFSZ 2A,W
05E6:  GOTO   5FB
....................                if(hours.am_pm == 0x01){ 
05E7:  DECFSZ 29,W
05E8:  GOTO   5F2
....................                hours.temp_hours = hours.temp_hours; 
....................                if(hours.temp_hours == 12){ 
05E9:  MOVF   28,W
05EA:  SUBLW  0C
05EB:  BTFSS  03.2
05EC:  GOTO   5F1
....................                  hours.hour_mode ^= 0x01; 
05ED:  MOVLW  01
05EE:  XORWF  2A,F
....................                  hours.temp_hours = 0; 
05EF:  CLRF   28
....................                  hours.am_pm ^= 0x01; 
05F0:  XORWF  29,F
....................                } 
....................                continue; 
05F1:  GOTO   58C
....................                 
....................                } 
....................              
....................                hours.temp_hours = hours.temp_hours; 
....................                hours.am_pm = 0x00; 
05F2:  CLRF   29
....................                if(hours.temp_hours == 12){ 
05F3:  MOVF   28,W
05F4:  SUBLW  0C
05F5:  BTFSS  03.2
05F6:  GOTO   5FA
....................                  hours.am_pm ^= 0x01; 
05F7:  MOVLW  01
05F8:  XORWF  29,F
....................                  hours.temp_hours = 1; 
05F9:  MOVWF  28
....................                } 
....................                continue; 
05FA:  GOTO   58C
....................             } 
....................              
....................          } 
....................        
....................          if(DEC){ 
05FB:  BTFSS  05.5
05FC:  GOTO   636
....................             while(DEC); 
05FD:  BTFSC  05.5
05FE:  GOTO   5FD
....................             hours.temp_hours--; 
05FF:  DECF   28,F
....................             if(hours.hour_mode == 0x00){  // Check if the 12 hour mode is selected: 0x00 means the clock is in 24 hour mode. 
0600:  MOVF   2A,F
0601:  BTFSS  03.2
0602:  GOTO   60E
....................               hours.temp_hours = hours.temp_hours; 
....................               if(hours.temp_hours == 0){ 
0603:  MOVF   28,F
0604:  BTFSS  03.2
0605:  GOTO   60C
....................                   hours.temp_hours = 0; 
0606:  CLRF   28
....................                   set_am_pm(hours.am_pm); 
0607:  MOVF   29,W
0608:  MOVWF  42
0609:  CALL   29F
....................                   hours.hour_mode ^= 0x01; 
060A:  MOVLW  01
060B:  XORWF  2A,F
....................                } 
....................                continue; 
060C:  GOTO   58C
....................             } 
060D:  GOTO   636
....................           
....................             else if(hours.hour_mode == 0x01){ 
060E:  DECFSZ 2A,W
060F:  GOTO   636
....................                if(hours.am_pm == 0x01){ 
0610:  DECFSZ 29,W
0611:  GOTO   61C
....................                hours.temp_hours = hours.temp_hours; 
....................                if(hours.temp_hours == 0){ 
0612:  MOVF   28,F
0613:  BTFSS  03.2
0614:  GOTO   61B
....................                  hours.hour_mode ^= 0x01; 
0615:  MOVLW  01
0616:  XORWF  2A,F
....................                  hours.temp_hours = 23; 
0617:  MOVLW  17
0618:  MOVWF  28
....................                  hours.am_pm ^= 0x01; 
0619:  MOVLW  01
061A:  XORWF  29,F
....................                } 
....................                continue; 
061B:  GOTO   58C
....................                 
....................                } 
....................              
....................                var2 = var; 
061C:  MOVF   34,W
061D:  MOVWF  35
....................                var = hours.temp_hours; 
061E:  MOVF   28,W
061F:  MOVWF  34
....................                var = var2; 
0620:  MOVF   35,W
0621:  MOVWF  34
....................                hours.am_pm = 0x00; 
0622:  CLRF   29
....................                if(var == 12){ 
0623:  MOVF   34,W
0624:  SUBLW  0C
0625:  BTFSS  03.2
0626:  GOTO   62C
....................                  hours.am_pm ^= 0x01; 
0627:  MOVLW  01
0628:  XORWF  29,F
....................                  hours.temp_hours = 12; 
0629:  MOVLW  0C
062A:  MOVWF  28
....................                } 
062B:  GOTO   635
....................                else if(var < 12){ 
062C:  MOVF   34,W
062D:  SUBLW  0B
062E:  BTFSS  03.0
062F:  GOTO   635
....................                hours.temp_hours = var + 1; 
0630:  MOVLW  01
0631:  ADDWF  34,W
0632:  MOVWF  28
....................                var = hours.temp_hours; 
0633:  MOVF   28,W
0634:  MOVWF  34
....................                } 
....................                continue; 
0635:  GOTO   58C
....................          } 
....................  
....................              
....................          } 
0636:  GOTO   58C
....................        
....................    } 
0637:  BSF    0A.3
0638:  BCF    0A.4
0639:  GOTO   141 (RETURN)
.................... } 
....................  
....................  
.................... //  Days function 
.................... day read_days(void){ 
....................  
....................    days.temp_days = read_register(0x03); 
*
034A:  MOVLW  03
034B:  MOVWF  42
034C:  CALL   1C3
034D:  MOVF   78,W
034E:  MOVWF  2F
....................    days.temp_days &= 0x07; 
034F:  MOVLW  07
0350:  ANDWF  2F,F
....................    days.temp_days = bcd_to_decimal(days.temp_days); 
0351:  MOVF   2F,W
0352:  MOVWF  42
0353:  CALL   24E
0354:  MOVF   78,W
0355:  MOVWF  2F
....................    days.ch = day_of_the_weeks(days.temp_days); 
0356:  MOVF   2F,W
0357:  MOVWF  3A
0358:  CALL   2F4
0359:  MOVF   79,W
035A:  MOVWF  31
035B:  MOVF   78,W
035C:  MOVWF  30
....................    return days; 
035D:  MOVF   2F,W
035E:  MOVWF  78
035F:  MOVF   30,W
0360:  MOVWF  79
0361:  MOVF   31,W
0362:  MOVWF  7A
0363:  RETURN
.................... } 
....................  
.................... void store_days(void){ 
....................  
....................    days.temp_days = decimal_to_bcd(days.temp_days); 
*
083A:  MOVF   2F,W
083B:  MOVWF  3B
083C:  BCF    0A.3
083D:  CALL   78F
083E:  BSF    0A.3
083F:  MOVF   78,W
0840:  MOVWF  2F
....................    days.temp_days &= 0x07; 
0841:  MOVLW  07
0842:  ANDWF  2F,F
....................    store_register(0x03, days.temp_days);   
0843:  MOVLW  03
0844:  MOVWF  3B
0845:  MOVF   2F,W
0846:  MOVWF  3C
0847:  BCF    0A.3
0848:  CALL   765
0849:  BSF    0A.3
.................... } 
....................  
.................... void set_days(void){ 
....................    days =  read_days(); 
*
063A:  CALL   34A
063B:  MOVF   7A,W
063C:  MOVWF  31
063D:  MOVF   79,W
063E:  MOVWF  30
063F:  MOVF   78,W
0640:  MOVWF  2F
....................    while(menu_state == SET_DAY){ 
0641:  MOVF   39,W
0642:  SUBLW  04
0643:  BTFSS  03.2
0644:  GOTO   692
....................       lcd_gotoxy(10, 2); 
0645:  MOVLW  0A
0646:  MOVWF  41
0647:  MOVLW  02
0648:  MOVWF  42
0649:  CALL   0E4
....................       printf(lcd_putc, "%s", days.ch); 
064A:  MOVF   30,W
064B:  MOVWF  04
064C:  BCF    03.7
064D:  BTFSC  31.0
064E:  BSF    03.7
064F:  CALL   3FB
....................       delay_ms(300); 
0650:  MOVLW  02
0651:  MOVWF  3A
0652:  MOVLW  96
0653:  MOVWF  44
0654:  CALL   04E
0655:  DECFSZ 3A,F
0656:  GOTO   652
....................       lcd_gotoxy(10, 2); 
0657:  MOVLW  0A
0658:  MOVWF  41
0659:  MOVLW  02
065A:  MOVWF  42
065B:  CALL   0E4
....................       printf(lcd_putc, "   "); 
065C:  MOVLW  20
065D:  MOVWF  40
065E:  CALL   0F6
065F:  MOVLW  20
0660:  MOVWF  40
0661:  CALL   0F6
0662:  MOVLW  20
0663:  MOVWF  40
0664:  CALL   0F6
....................       delay_ms(300); 
0665:  MOVLW  02
0666:  MOVWF  3A
0667:  MOVLW  96
0668:  MOVWF  44
0669:  CALL   04E
066A:  DECFSZ 3A,F
066B:  GOTO   667
....................       if(INC){ 
066C:  BTFSS  05.4
066D:  GOTO   680
....................          while(INC); 
066E:  BTFSC  05.4
066F:  GOTO   66E
....................          days.temp_days++; 
0670:  INCF   2F,F
....................          if(days.temp_days > 7) days.temp_days = 1; 
0671:  MOVF   2F,W
0672:  SUBLW  07
0673:  BTFSC  03.0
0674:  GOTO   677
0675:  MOVLW  01
0676:  MOVWF  2F
....................          days.ch = day_of_the_weeks(days.temp_days); 
0677:  MOVF   2F,W
0678:  MOVWF  3A
0679:  CALL   2F4
067A:  MOVF   79,W
067B:  MOVWF  31
067C:  MOVF   78,W
067D:  MOVWF  30
....................          continue; 
067E:  GOTO   641
....................       } 
067F:  GOTO   691
....................           
....................       else if(DEC){ 
0680:  BTFSS  05.5
0681:  GOTO   691
....................          while(DEC); 
0682:  BTFSC  05.5
0683:  GOTO   682
....................          if(days.temp_days == 1) days.temp_days = 8; 
0684:  DECFSZ 2F,W
0685:  GOTO   688
0686:  MOVLW  08
0687:  MOVWF  2F
....................          days.temp_days--; 
0688:  DECF   2F,F
....................          days.ch = day_of_the_weeks(days.temp_days); 
0689:  MOVF   2F,W
068A:  MOVWF  3A
068B:  CALL   2F4
068C:  MOVF   79,W
068D:  MOVWF  31
068E:  MOVF   78,W
068F:  MOVWF  30
....................          continue; 
0690:  GOTO   641
....................       } 
0691:  GOTO   641
....................        
....................       } 
0692:  BSF    0A.3
0693:  BCF    0A.4
0694:  GOTO   141 (RETURN)
.................... } 
....................  
.................... // Dates functions 
.................... unsigned int8 read_dates(void){ 
....................  
....................    temp_dates = read_register(0x04); 
*
0373:  MOVLW  04
0374:  MOVWF  42
0375:  CALL   1C3
0376:  MOVF   78,W
0377:  MOVWF  36
....................    temp_dates &= 0x3F; 
0378:  MOVLW  3F
0379:  ANDWF  36,F
....................    temp_dates = bcd_to_decimal(temp_dates); 
037A:  MOVF   36,W
037B:  MOVWF  42
037C:  CALL   24E
037D:  MOVF   78,W
037E:  MOVWF  36
....................    return temp_dates; 
037F:  MOVF   36,W
0380:  MOVWF  78
0381:  RETURN
.................... } 
....................  
.................... void store_dates(void){ 
....................    temp_dates = decimal_to_bcd(temp_dates); 
*
084A:  MOVF   36,W
084B:  MOVWF  3B
084C:  BCF    0A.3
084D:  CALL   78F
084E:  BSF    0A.3
084F:  MOVF   78,W
0850:  MOVWF  36
....................    temp_dates &= 0x3F; 
0851:  MOVLW  3F
0852:  ANDWF  36,F
....................    store_register(0x04, temp_dates); 
0853:  MOVLW  04
0854:  MOVWF  3B
0855:  MOVF   36,W
0856:  MOVWF  3C
0857:  BCF    0A.3
0858:  CALL   765
0859:  BSF    0A.3
.................... } 
....................  
....................  
.................... void set_dates(void){ 
....................    temp_dates = read_dates(); 
*
0695:  CALL   373
0696:  MOVF   78,W
0697:  MOVWF  36
....................    while(menu_state == SET_DATE){ 
0698:  MOVF   39,W
0699:  SUBLW  05
069A:  BTFSS  03.2
069B:  GOTO   6D8
....................       lcd_gotoxy(1, 2); 
069C:  MOVLW  01
069D:  MOVWF  41
069E:  MOVLW  02
069F:  MOVWF  42
06A0:  CALL   0E4
....................       printf(lcd_putc, "%02d", temp_dates); 
06A1:  MOVF   36,W
06A2:  MOVWF  3A
06A3:  MOVLW  01
06A4:  MOVWF  3B
06A5:  CALL   3A4
....................       delay_ms(300); 
06A6:  MOVLW  02
06A7:  MOVWF  3A
06A8:  MOVLW  96
06A9:  MOVWF  44
06AA:  CALL   04E
06AB:  DECFSZ 3A,F
06AC:  GOTO   6A8
....................       lcd_gotoxy(1, 2); 
06AD:  MOVLW  01
06AE:  MOVWF  41
06AF:  MOVLW  02
06B0:  MOVWF  42
06B1:  CALL   0E4
....................       printf(lcd_putc, "  "); 
06B2:  MOVLW  20
06B3:  MOVWF  40
06B4:  CALL   0F6
06B5:  MOVLW  20
06B6:  MOVWF  40
06B7:  CALL   0F6
....................       delay_ms(300); 
06B8:  MOVLW  02
06B9:  MOVWF  3A
06BA:  MOVLW  96
06BB:  MOVWF  44
06BC:  CALL   04E
06BD:  DECFSZ 3A,F
06BE:  GOTO   6BA
....................       // continue; 
....................       if(INC){ 
06BF:  BTFSS  05.4
06C0:  GOTO   6CC
....................          while(INC); 
06C1:  BTFSC  05.4
06C2:  GOTO   6C1
....................          temp_dates++; 
06C3:  INCF   36,F
....................          if(temp_dates > 32) temp_dates = 1; 
06C4:  MOVF   36,W
06C5:  SUBLW  20
06C6:  BTFSC  03.0
06C7:  GOTO   6CA
06C8:  MOVLW  01
06C9:  MOVWF  36
....................          temp_dates = temp_dates; 
....................          continue; 
06CA:  GOTO   698
....................       } 
06CB:  GOTO   6D7
....................           
....................       else if(DEC){ 
06CC:  BTFSS  05.5
06CD:  GOTO   6D7
....................          while(DEC); 
06CE:  BTFSC  05.5
06CF:  GOTO   6CE
....................          if(temp_dates == 0) temp_dates = 32; 
06D0:  MOVF   36,F
06D1:  BTFSS  03.2
06D2:  GOTO   6D5
06D3:  MOVLW  20
06D4:  MOVWF  36
....................          temp_dates--; 
06D5:  DECF   36,F
....................          temp_dates = temp_dates; 
....................          continue; 
06D6:  GOTO   698
....................       } 
06D7:  GOTO   698
....................        
....................       } 
06D8:  BSF    0A.3
06D9:  BCF    0A.4
06DA:  GOTO   141 (RETURN)
.................... } 
....................  
.................... // months function 
....................  
.................... unsigned int8 read_months(void){ 
....................  
....................    temp_months = read_register(0x05); 
*
0364:  MOVLW  05
0365:  MOVWF  42
0366:  CALL   1C3
0367:  MOVF   78,W
0368:  MOVWF  37
....................    temp_months &= 0x1F; 
0369:  MOVLW  1F
036A:  ANDWF  37,F
....................    temp_months = bcd_to_decimal(temp_months); 
036B:  MOVF   37,W
036C:  MOVWF  42
036D:  CALL   24E
036E:  MOVF   78,W
036F:  MOVWF  37
....................    return temp_months; 
0370:  MOVF   37,W
0371:  MOVWF  78
0372:  RETURN
.................... } 
....................  
.................... void store_months(void){ 
....................  
....................    temp_months = decimal_to_bcd(temp_months); 
*
085A:  MOVF   37,W
085B:  MOVWF  3B
085C:  BCF    0A.3
085D:  CALL   78F
085E:  BSF    0A.3
085F:  MOVF   78,W
0860:  MOVWF  37
....................    temp_months &= 0x1F; 
0861:  MOVLW  1F
0862:  ANDWF  37,F
....................    store_register(0x05, temp_months); 
0863:  MOVLW  05
0864:  MOVWF  3B
0865:  MOVF   37,W
0866:  MOVWF  3C
0867:  BCF    0A.3
0868:  CALL   765
0869:  BSF    0A.3
.................... } 
....................  
....................  
.................... void set_months(void){ 
....................     temp_months = read_months(); 
*
06DB:  CALL   364
06DC:  MOVF   78,W
06DD:  MOVWF  37
....................    while(menu_state == SET_MONTH){ 
06DE:  MOVF   39,W
06DF:  SUBLW  06
06E0:  BTFSS  03.2
06E1:  GOTO   71E
....................       lcd_gotoxy(4, 2); 
06E2:  MOVLW  04
06E3:  MOVWF  41
06E4:  MOVLW  02
06E5:  MOVWF  42
06E6:  CALL   0E4
....................       printf(lcd_putc, "%02d",  temp_months); 
06E7:  MOVF   37,W
06E8:  MOVWF  3A
06E9:  MOVLW  01
06EA:  MOVWF  3B
06EB:  CALL   3A4
....................       delay_ms(300); 
06EC:  MOVLW  02
06ED:  MOVWF  3A
06EE:  MOVLW  96
06EF:  MOVWF  44
06F0:  CALL   04E
06F1:  DECFSZ 3A,F
06F2:  GOTO   6EE
....................       lcd_gotoxy(4, 2); 
06F3:  MOVLW  04
06F4:  MOVWF  41
06F5:  MOVLW  02
06F6:  MOVWF  42
06F7:  CALL   0E4
....................       printf(lcd_putc, "  "); 
06F8:  MOVLW  20
06F9:  MOVWF  40
06FA:  CALL   0F6
06FB:  MOVLW  20
06FC:  MOVWF  40
06FD:  CALL   0F6
....................       delay_ms(300); 
06FE:  MOVLW  02
06FF:  MOVWF  3A
0700:  MOVLW  96
0701:  MOVWF  44
0702:  CALL   04E
0703:  DECFSZ 3A,F
0704:  GOTO   700
....................       // continue; 
....................       if(INC){ 
0705:  BTFSS  05.4
0706:  GOTO   712
....................          while(INC); 
0707:  BTFSC  05.4
0708:  GOTO   707
....................          temp_months++; 
0709:  INCF   37,F
....................          if(temp_months > 12)  temp_months = 1; 
070A:  MOVF   37,W
070B:  SUBLW  0C
070C:  BTFSC  03.0
070D:  GOTO   710
070E:  MOVLW  01
070F:  MOVWF  37
....................           temp_months = temp_months; 
....................          continue; 
0710:  GOTO   6DE
....................       } 
0711:  GOTO   71D
....................           
....................       else if(DEC){ 
0712:  BTFSS  05.5
0713:  GOTO   71D
....................          while(DEC); 
0714:  BTFSC  05.5
0715:  GOTO   714
....................          if(temp_months == 0)  temp_months = 12; 
0716:  MOVF   37,F
0717:  BTFSS  03.2
0718:  GOTO   71B
0719:  MOVLW  0C
071A:  MOVWF  37
....................          temp_months--; 
071B:  DECF   37,F
....................          temp_months =  temp_months; 
....................          continue; 
071C:  GOTO   6DE
....................       } 
071D:  GOTO   6DE
....................        
....................       } 
071E:  BSF    0A.3
071F:  BCF    0A.4
0720:  GOTO   141 (RETURN)
.................... } 
....................  
....................  
.................... // years functions 
....................  
.................... unsigned int8 read_years(void){ 
....................  
....................    temp_years = read_register(0x06); 
*
0382:  MOVLW  06
0383:  MOVWF  42
0384:  CALL   1C3
0385:  MOVF   78,W
0386:  MOVWF  38
....................    temp_months &= 0xFF; 
....................    temp_years = bcd_to_decimal(temp_years); 
0387:  MOVF   38,W
0388:  MOVWF  42
0389:  CALL   24E
038A:  MOVF   78,W
038B:  MOVWF  38
....................    return temp_years; 
038C:  MOVF   38,W
038D:  MOVWF  78
038E:  RETURN
.................... } 
....................  
.................... void store_years(void){ 
....................  
....................    temp_years = decimal_to_bcd(temp_years); 
*
086A:  MOVF   38,W
086B:  MOVWF  3B
086C:  BCF    0A.3
086D:  CALL   78F
086E:  BSF    0A.3
086F:  MOVF   78,W
0870:  MOVWF  38
....................    temp_years &= 0xFF; 
....................    store_register(0x06, temp_years); 
0871:  MOVLW  06
0872:  MOVWF  3B
0873:  MOVF   38,W
0874:  MOVWF  3C
0875:  BCF    0A.3
0876:  CALL   765
0877:  BSF    0A.3
.................... } 
....................  
....................  
.................... void set_years(void){ 
....................     temp_years = read_years(); 
*
0721:  CALL   382
0722:  MOVF   78,W
0723:  MOVWF  38
....................    while(menu_state == SET_YEAR){ 
0724:  MOVF   39,W
0725:  SUBLW  07
0726:  BTFSS  03.2
0727:  GOTO   762
....................       lcd_gotoxy(7, 2); 
0728:  MOVLW  07
0729:  MOVWF  41
072A:  MOVLW  02
072B:  MOVWF  42
072C:  CALL   0E4
....................       printf(lcd_putc, "%02d",  temp_years); 
072D:  MOVF   38,W
072E:  MOVWF  3A
072F:  MOVLW  01
0730:  MOVWF  3B
0731:  CALL   3A4
....................       delay_ms(300); 
0732:  MOVLW  02
0733:  MOVWF  3A
0734:  MOVLW  96
0735:  MOVWF  44
0736:  CALL   04E
0737:  DECFSZ 3A,F
0738:  GOTO   734
....................       lcd_gotoxy(7, 2); 
0739:  MOVLW  07
073A:  MOVWF  41
073B:  MOVLW  02
073C:  MOVWF  42
073D:  CALL   0E4
....................       printf(lcd_putc, "  "); 
073E:  MOVLW  20
073F:  MOVWF  40
0740:  CALL   0F6
0741:  MOVLW  20
0742:  MOVWF  40
0743:  CALL   0F6
....................       delay_ms(300); 
0744:  MOVLW  02
0745:  MOVWF  3A
0746:  MOVLW  96
0747:  MOVWF  44
0748:  CALL   04E
0749:  DECFSZ 3A,F
074A:  GOTO   746
....................       // continue; 
....................       if(INC){ 
074B:  BTFSS  05.4
074C:  GOTO   756
....................          while(INC); 
074D:  BTFSC  05.4
074E:  GOTO   74D
....................          temp_years++; 
074F:  INCF   38,F
....................          if(temp_years > 99)  temp_years = 0; 
0750:  MOVF   38,W
0751:  SUBLW  63
0752:  BTFSS  03.0
0753:  CLRF   38
....................           temp_years = temp_years; 
....................          continue; 
0754:  GOTO   724
....................       } 
0755:  GOTO   761
....................           
....................       else if(DEC){ 
0756:  BTFSS  05.5
0757:  GOTO   761
....................          while(DEC); 
0758:  BTFSC  05.5
0759:  GOTO   758
....................          if(temp_years == 0) temp_years = 100; 
075A:  MOVF   38,F
075B:  BTFSS  03.2
075C:  GOTO   75F
075D:  MOVLW  64
075E:  MOVWF  38
....................          temp_years--; 
075F:  DECF   38,F
....................          temp_years =  temp_years; 
....................          continue; 
0760:  GOTO   724
....................       } 
0761:  GOTO   724
....................        
....................       } 
0762:  BSF    0A.3
0763:  BCF    0A.4
0764:  GOTO   141 (RETURN)
.................... } 
....................  
....................  
.................... void idle(void){ 
....................    temp_seconds = read_seconds(); 
*
0468:  CALL   284
0469:  MOVF   78,W
046A:  MOVWF  32
....................    temp_minutes = read_minutes(); 
046B:  CALL   291
046C:  MOVF   78,W
046D:  MOVWF  33
....................    hours = read_hours(); 
046E:  CALL   2C3
046F:  MOVF   79,W
0470:  MOVWF  7A
0471:  MOVF   78,W
0472:  MOVWF  3A
0473:  MOVF   7A,W
0474:  MOVWF  3B
0475:  CLRF   3D
0476:  MOVLW  28
0477:  MOVWF  3C
0478:  MOVLW  07
0479:  MOVWF  78
047A:  MOVF   3A,W
047B:  MOVWF  04
047C:  BCF    03.7
047D:  BTFSC  3B.0
047E:  BSF    03.7
047F:  MOVF   00,W
0480:  MOVWF  77
0481:  MOVF   3C,W
0482:  MOVWF  04
0483:  BCF    03.7
0484:  BTFSC  3D.0
0485:  BSF    03.7
0486:  MOVF   77,W
0487:  MOVWF  00
0488:  INCF   3C,F
0489:  BTFSC  03.2
048A:  INCF   3D,F
048B:  INCF   3A,F
048C:  BTFSC  03.2
048D:  INCF   3B,F
048E:  DECFSZ 78,F
048F:  GOTO   47A
....................    days = read_days(); 
0490:  CALL   34A
0491:  MOVF   7A,W
0492:  MOVWF  31
0493:  MOVF   79,W
0494:  MOVWF  30
0495:  MOVF   78,W
0496:  MOVWF  2F
....................    temp_months = read_months(); 
0497:  CALL   364
0498:  MOVF   78,W
0499:  MOVWF  37
....................    temp_dates = read_dates(); 
049A:  CALL   373
049B:  MOVF   78,W
049C:  MOVWF  36
....................    temp_years = read_years(); 
049D:  CALL   382
049E:  MOVF   78,W
049F:  MOVWF  38
....................     
....................    lcd_gotoxy(1, 1); 
04A0:  MOVLW  01
04A1:  MOVWF  41
04A2:  MOVWF  42
04A3:  CALL   0E4
....................    printf(lcd_putc, "%02d:%02d:%02d %s",  hours.temp_hours, temp_minutes, temp_seconds, hours.ch); 
04A4:  MOVF   28,W
04A5:  MOVWF  3A
04A6:  MOVLW  01
04A7:  MOVWF  3B
04A8:  CALL   3A4
04A9:  MOVLW  3A
04AA:  MOVWF  40
04AB:  CALL   0F6
04AC:  MOVF   33,W
04AD:  MOVWF  3A
04AE:  MOVLW  01
04AF:  MOVWF  3B
04B0:  CALL   3A4
04B1:  MOVLW  3A
04B2:  MOVWF  40
04B3:  CALL   0F6
04B4:  MOVF   32,W
04B5:  MOVWF  3A
04B6:  MOVLW  01
04B7:  MOVWF  3B
04B8:  CALL   3A4
04B9:  MOVLW  20
04BA:  MOVWF  40
04BB:  CALL   0F6
04BC:  MOVLW  2B
04BD:  MOVWF  04
04BE:  BCF    03.7
04BF:  CALL   3FB
....................    lcd_gotoxy(1, 2); 
04C0:  MOVLW  01
04C1:  MOVWF  41
04C2:  MOVLW  02
04C3:  MOVWF  42
04C4:  CALL   0E4
....................    printf(lcd_putc, "%02d:%02d:%2d %03s",  temp_dates, temp_months, temp_years, days.ch);   
04C5:  MOVF   36,W
04C6:  MOVWF  3A
04C7:  MOVLW  01
04C8:  MOVWF  3B
04C9:  CALL   3A4
04CA:  MOVLW  3A
04CB:  MOVWF  40
04CC:  CALL   0F6
04CD:  MOVF   37,W
04CE:  MOVWF  3A
04CF:  MOVLW  01
04D0:  MOVWF  3B
04D1:  CALL   3A4
04D2:  MOVLW  3A
04D3:  MOVWF  40
04D4:  CALL   0F6
04D5:  MOVF   38,W
04D6:  MOVWF  3A
04D7:  MOVLW  11
04D8:  MOVWF  3B
04D9:  CALL   411
04DA:  MOVLW  20
04DB:  MOVWF  40
04DC:  CALL   0F6
04DD:  MOVF   30,W
04DE:  MOVWF  04
04DF:  BCF    03.7
04E0:  BTFSC  31.0
04E1:  BSF    03.7
04E2:  CALL   3FB
04E3:  RETURN
.................... } 
....................  
....................  
.................... // confirm and save function 
.................... void save(void){ 
....................  
....................    store_register(0x00, 0b10000000); 
*
0800:  CLRF   3B
0801:  MOVLW  80
0802:  MOVWF  3C
0803:  BCF    0A.3
0804:  CALL   765
0805:  BSF    0A.3
....................    store_minutes(); 
....................    store_hours(); 
....................    store_days(); 
....................    store_dates(); 
....................    store_months(); 
....................    store_years(); 
....................    store_seconds(); 
*
0886:  BSF    0A.3
0887:  BCF    0A.4
0888:  GOTO   140 (RETURN)
.................... } 
....................  
.................... #endif 
....................  
....................  
.................... void main(){ 
0889:  MOVF   03,W
088A:  ANDLW  1F
088B:  MOVWF  03
088C:  MOVLW  FF
088D:  MOVWF  27
088E:  CLRF   32
088F:  CLRF   33
0890:  CLRF   34
0891:  CLRF   35
0892:  CLRF   36
0893:  CLRF   37
0894:  CLRF   38
0895:  CLRF   39
0896:  BSF    03.5
0897:  BSF    1F.0
0898:  BSF    1F.1
0899:  BSF    1F.2
089A:  BCF    1F.3
089B:  MOVLW  07
089C:  MOVWF  1C
089D:  BCF    03.7
....................     
....................    sys_init(); 
089E:  BCF    0A.3
089F:  BCF    03.5
08A0:  GOTO   122
08A1:  BSF    0A.3
....................    delay_ms(100); 
08A2:  MOVLW  64
08A3:  MOVWF  44
08A4:  BCF    0A.3
08A5:  CALL   04E
08A6:  BSF    0A.3
....................    idle(); 
08A7:  BCF    0A.3
08A8:  CALL   468
08A9:  BSF    0A.3
....................    while(TRUE) { 
....................    
....................    lcd_gotoxy(1, 1); 
08AA:  MOVLW  01
08AB:  MOVWF  41
08AC:  MOVWF  42
08AD:  BCF    0A.3
08AE:  CALL   0E4
08AF:  BSF    0A.3
....................    printf(lcd_putc, "%02d:%02d:%02d %s",  hours.temp_hours, temp_minutes, temp_seconds, hours.ch); 
08B0:  MOVF   28,W
08B1:  MOVWF  3A
08B2:  MOVLW  01
08B3:  MOVWF  3B
08B4:  BCF    0A.3
08B5:  CALL   3A4
08B6:  BSF    0A.3
08B7:  MOVLW  3A
08B8:  MOVWF  40
08B9:  BCF    0A.3
08BA:  CALL   0F6
08BB:  BSF    0A.3
08BC:  MOVF   33,W
08BD:  MOVWF  3A
08BE:  MOVLW  01
08BF:  MOVWF  3B
08C0:  BCF    0A.3
08C1:  CALL   3A4
08C2:  BSF    0A.3
08C3:  MOVLW  3A
08C4:  MOVWF  40
08C5:  BCF    0A.3
08C6:  CALL   0F6
08C7:  BSF    0A.3
08C8:  MOVF   32,W
08C9:  MOVWF  3A
08CA:  MOVLW  01
08CB:  MOVWF  3B
08CC:  BCF    0A.3
08CD:  CALL   3A4
08CE:  BSF    0A.3
08CF:  MOVLW  20
08D0:  MOVWF  40
08D1:  BCF    0A.3
08D2:  CALL   0F6
08D3:  BSF    0A.3
08D4:  MOVLW  2B
08D5:  MOVWF  04
08D6:  BCF    03.7
08D7:  BCF    0A.3
08D8:  CALL   3FB
08D9:  BSF    0A.3
....................    lcd_gotoxy(1, 2); 
08DA:  MOVLW  01
08DB:  MOVWF  41
08DC:  MOVLW  02
08DD:  MOVWF  42
08DE:  BCF    0A.3
08DF:  CALL   0E4
08E0:  BSF    0A.3
....................    printf(lcd_putc, "%02d:%02d:%2d %03s",  temp_dates, temp_months, temp_years, days.ch); 
08E1:  MOVF   36,W
08E2:  MOVWF  3A
08E3:  MOVLW  01
08E4:  MOVWF  3B
08E5:  BCF    0A.3
08E6:  CALL   3A4
08E7:  BSF    0A.3
08E8:  MOVLW  3A
08E9:  MOVWF  40
08EA:  BCF    0A.3
08EB:  CALL   0F6
08EC:  BSF    0A.3
08ED:  MOVF   37,W
08EE:  MOVWF  3A
08EF:  MOVLW  01
08F0:  MOVWF  3B
08F1:  BCF    0A.3
08F2:  CALL   3A4
08F3:  BSF    0A.3
08F4:  MOVLW  3A
08F5:  MOVWF  40
08F6:  BCF    0A.3
08F7:  CALL   0F6
08F8:  BSF    0A.3
08F9:  MOVF   38,W
08FA:  MOVWF  3A
08FB:  MOVLW  11
08FC:  MOVWF  3B
08FD:  BCF    0A.3
08FE:  CALL   411
08FF:  BSF    0A.3
0900:  MOVLW  20
0901:  MOVWF  40
0902:  BCF    0A.3
0903:  CALL   0F6
0904:  BSF    0A.3
0905:  MOVF   30,W
0906:  MOVWF  04
0907:  BCF    03.7
0908:  BTFSC  31.0
0909:  BSF    03.7
090A:  BCF    0A.3
090B:  CALL   3FB
090C:  BSF    0A.3
....................   switch(menu_state) { 
090D:  MOVF   39,W
090E:  ADDLW  F7
090F:  BTFSC  03.0
0910:  GOTO   141
0911:  ADDLW  09
0912:  GOTO   143
....................          case 0: 
....................             idle(); 
0913:  BCF    0A.3
0914:  CALL   468
0915:  BSF    0A.3
....................             delay_ms(800); 
0916:  MOVLW  04
0917:  MOVWF  3A
0918:  MOVLW  C8
0919:  MOVWF  44
091A:  BCF    0A.3
091B:  CALL   04E
091C:  BSF    0A.3
091D:  DECFSZ 3A,F
091E:  GOTO   118
....................             idle(); 
091F:  BCF    0A.3
0920:  CALL   468
0921:  BSF    0A.3
....................             break; 
0922:  GOTO   141
....................          case 1: 
....................             set_seconds(); 
0923:  BCF    0A.3
0924:  GOTO   4E4
0925:  BSF    0A.3
....................             break; 
0926:  GOTO   141
....................          case 2: 
....................             set_minutes(); 
0927:  BCF    0A.3
0928:  GOTO   526
0929:  BSF    0A.3
....................             break; 
092A:  GOTO   141
....................          case 3: 
....................             set_hours(); 
092B:  BCF    0A.3
092C:  GOTO   56A
092D:  BSF    0A.3
....................             break; 
092E:  GOTO   141
....................          case 4: 
....................             set_days(); 
092F:  BCF    0A.3
0930:  GOTO   63A
0931:  BSF    0A.3
....................             break; 
0932:  GOTO   141
....................          case 5: 
....................             set_dates(); 
0933:  BCF    0A.3
0934:  GOTO   695
0935:  BSF    0A.3
....................             break; 
0936:  GOTO   141
....................          case 6: 
....................             set_months();; 
0937:  BCF    0A.3
0938:  GOTO   6DB
0939:  BSF    0A.3
....................             break; 
093A:  GOTO   141
....................          case 7: 
....................             set_years(); 
093B:  BCF    0A.3
093C:  GOTO   721
093D:  BSF    0A.3
....................             break; 
093E:  GOTO   141
....................          case 8: 
....................            save(); 
093F:  GOTO   000
....................            menu_state = 0; 
0940:  CLRF   39
....................              break; 
....................       } 
0941:  GOTO   0AA
....................    } 
.................... } 
0942:  SLEEP

Configuration Fuses:
   Word  1: 1E31   XT NOWDT PUT NOBROWNOUT NOLVP CPD NOWRT NODEBUG PROTECT
